Rank,ID,Match_Score,Weighted_Score,Skills_Matched,Skills_Missing
1,17812897,80.8,100.0,21,5
2,14225422,65.4,80.4,17,9
3,34554248,65.4,85.4,17,9
4,16244633,65.4,70.4,17,9
5,18316239,65.4,80.4,17,9
6,39081840,61.5,81.5,16,10
7,18731098,61.5,76.5,16,10
8,26048718,61.5,71.5,16,10
9,39650734,61.5,81.5,16,10
10,24184357,61.5,66.5,16,10
11,11763983,57.7,62.7,15,11
12,19179079,57.7,62.7,15,11
13,18084150,57.7,62.7,15,11
14,72231872,57.7,57.7,15,11
15,23011221,57.7,77.7,15,11
16,29297393,57.7,72.7,15,11
17,12786012,57.7,62.7,15,11
18,34740556,57.7,62.7,15,11
19,28828844,53.8,58.8,14,12
20,15041689,53.8,73.8,14,12
21,30563572,53.8,58.8,14,12
22,17855844,53.8,63.8,14,12
23,24508725,53.8,68.8,14,12
24,17412079,53.8,63.8,14,12
25,86184722,53.8,58.8,14,12
26,30862904,50.0,60.0,13,13
27,19616406,50.0,65.0,13,13
28,13343786,50.0,65.0,13,13
29,93112113,50.0,65.0,13,13
30,44476983,50.0,50.0,13,13
31,73077810,50.0,55.0,13,13
32,21830565,50.0,65.0,13,13
33,27726066,50.0,60.0,13,13
34,18827609,50.0,65.0,13,13
35,51777546,46.2,46.2,12,14
36,25824789,46.2,56.2,12,14
37,23408537,46.2,61.2,12,14
38,18155310,46.2,56.2,12,14
39,28175164,46.2,61.2,12,14
40,17422560,46.2,51.2,12,14
41,25676643,46.2,46.2,12,14
42,30646367,46.2,51.2,12,14
43,39970711,46.2,61.2,12,14
44,33176873,46.2,56.2,12,14
45,32896934,42.3,52.3,11,15
46,53701275,42.3,42.3,11,15
47,38059130,42.3,57.3,11,15
48,32947778,42.3,42.3,11,15
49,13272204,42.3,47.3,11,15
50,87968870,42.3,47.3,11,15
51,38698573,38.5,38.5,10,16
52,15375009,38.5,43.5,10,16
53,27490876,38.5,48.5,10,16
54,23510685,38.5,48.5,10,16
55,57667857,38.5,48.5,10,16
56,31392754,38.5,43.5,10,16
57,24588864,38.5,38.5,10,16
58,29091445,38.5,48.5,10,16
59,20345168,34.6,39.6,9,17
60,25724495,34.6,34.6,9,17
61,27165830,34.6,39.6,9,17
62,28640735,34.6,44.6,9,17
63,59962788,34.6,44.6,9,17
64,43852883,34.6,39.6,9,17
65,26202430,34.6,39.6,9,17
66,20993320,34.6,54.6,9,17
67,13879043,34.6,34.6,9,17
68,11698189,34.6,39.6,9,17
69,91121135,34.6,34.6,9,17
70,11592605,34.6,44.6,9,17
71,27096471,34.6,49.6,9,17
72,19867922,34.6,39.6,9,17
73,82649935,34.6,39.6,9,17
74,17150707,34.6,39.6,9,17
75,24611721,34.6,34.6,9,17
76,14886205,34.6,34.6,9,17
77,29149998,30.8,45.8,8,18
78,11480899,30.8,30.8,8,18
79,52252936,30.8,35.8,8,18
80,26289308,30.8,30.8,8,18
81,10694288,30.8,40.8,8,18
82,56151548,30.8,30.8,8,18
83,14640322,30.8,30.8,8,18
84,15576950,30.8,30.8,8,18
85,20925036,30.8,30.8,8,18
86,29028935,30.8,30.8,8,18
87,13520837,30.8,30.8,8,18
88,26780935,30.8,35.8,8,18
89,11847784,30.8,30.8,8,18
90,27030979,30.8,30.8,8,18
91,77439230,30.8,30.8,8,18
92,34046031,30.8,35.8,8,18
93,10228751,30.8,30.8,8,18
94,72136463,30.8,35.8,8,18
95,11378657,30.8,30.8,8,18
96,97123005,30.8,30.8,8,18
97,26341645,30.8,35.8,8,18
98,98559931,30.8,35.8,8,18
99,86597425,30.8,30.8,8,18
100,24402267,30.8,30.8,8,18
101,27847081,30.8,30.8,8,18
102,87520378,30.8,30.8,8,18
103,58879993,30.8,30.8,8,18
104,13491889,30.8,35.8,8,18
105,19582792,30.8,30.8,8,18
106,21796843,30.8,35.8,8,18
107,14517953,30.8,35.8,8,18
108,85766635,30.8,30.8,8,18
109,19053815,30.8,30.8,8,18
110,11065180,30.8,30.8,8,18
111,73497035,30.8,30.8,8,18
112,28419173,26.9,36.9,7,19
113,18422164,26.9,26.9,7,19
114,52979663,26.9,26.9,7,19
115,16877897,26.9,26.9,7,19
116,80162314,26.9,26.9,7,19
117,83206166,26.9,26.9,7,19
118,33424600,26.9,31.9,7,19
119,13376919,26.9,26.9,7,19
120,18557164,26.9,26.9,7,19
121,37391947,26.9,26.9,7,19
122,20393721,26.9,26.9,7,19
123,12071138,26.9,26.9,7,19
124,14391434,26.9,26.9,7,19
125,26013403,26.9,26.9,7,19
126,22008817,26.9,31.9,7,19
127,22556198,26.9,26.9,7,19
128,23513618,26.9,26.9,7,19
129,62870550,26.9,26.9,7,19
130,16492045,26.9,26.9,7,19
131,31926950,26.9,26.9,7,19
132,26530575,26.9,26.9,7,19
133,10554045,26.9,26.9,7,19
134,19464810,26.9,26.9,7,19
135,18484846,26.9,26.9,7,19
136,34816637,26.9,26.9,7,19
137,14064815,26.9,26.9,7,19
138,13701259,26.9,26.9,7,19
139,49486820,26.9,26.9,7,19
140,76454959,26.9,31.9,7,19
141,25974844,26.9,26.9,7,19
142,13809698,23.1,23.1,6,20
143,12897903,23.1,33.1,6,20
144,23138078,23.1,23.1,6,20
145,15224503,23.1,23.1,6,20
146,78538268,23.1,23.1,6,20
147,90365216,23.1,23.1,6,20
148,13342150,23.1,23.1,6,20
149,29014805,23.1,23.1,6,20
150,16852973,23.1,23.1,6,20
151,25926667,23.1,23.1,6,20
152,20806155,23.1,23.1,6,20
153,20417897,23.1,23.1,6,20
154,20748468,23.1,28.1,6,20
155,18132924,23.1,28.1,6,20
156,47133747,23.1,23.1,6,20
157,23416654,23.1,28.1,6,20
158,26750846,23.1,28.1,6,20
159,22925443,23.1,23.1,6,20
160,14496667,23.1,23.1,6,20
161,80527194,23.1,23.1,6,20
162,47470864,23.1,23.1,6,20
163,89049979,23.1,23.1,6,20
164,19471144,23.1,23.1,6,20
165,28949406,23.1,28.1,6,20
166,16103783,23.1,23.1,6,20
167,28974459,23.1,23.1,6,20
168,75744306,23.1,23.1,6,20
169,91564103,23.1,28.1,6,20
170,20138606,23.1,23.1,6,20
171,36425270,23.1,23.1,6,20
172,25150191,23.1,33.1,6,20
173,36868767,23.1,28.1,6,20
174,21782152,23.1,23.1,6,20
175,30163002,23.1,23.1,6,20
176,24397882,23.1,28.1,6,20
177,23914451,23.1,28.1,6,20
178,35603950,23.1,23.1,6,20
179,23155093,23.1,23.1,6,20
180,21265194,23.1,28.1,6,20
181,29297973,23.1,23.1,6,20
182,57262959,23.1,23.1,6,20
183,38750659,23.1,23.1,6,20
184,34594746,23.1,23.1,6,20
185,10568183,23.1,23.1,6,20
186,11152490,23.1,23.1,6,20
187,24294778,23.1,23.1,6,20
188,10674770,23.1,28.1,6,20
189,21645690,23.1,23.1,6,20
190,38847011,23.1,28.1,6,20
191,75286906,23.1,28.1,6,20
192,16507693,23.1,23.1,6,20
193,18171955,23.1,23.1,6,20
194,18297650,23.1,23.1,6,20
195,89512321,23.1,23.1,6,20
196,27018550,23.1,23.1,6,20
197,87867370,23.1,23.1,6,20
198,19176318,23.1,28.1,6,20
199,19063156,23.1,23.1,6,20
200,38441665,23.1,23.1,6,20
201,20977412,23.1,23.1,6,20
202,31677347,19.2,19.2,5,21
203,25813953,19.2,19.2,5,21
204,31694970,19.2,19.2,5,21
205,14256329,19.2,19.2,5,21
206,38989376,19.2,19.2,5,21
207,15823995,19.2,19.2,5,21
208,42427521,19.2,19.2,5,21
209,44145704,19.2,19.2,5,21
210,19243556,19.2,24.2,5,21
211,16407619,19.2,19.2,5,21
212,94230796,19.2,19.2,5,21
213,21031285,19.2,19.2,5,21
214,15906625,19.2,19.2,5,21
215,58208591,19.2,19.2,5,21
216,14726000,19.2,19.2,5,21
217,28628090,19.2,19.2,5,21
218,29142288,19.2,19.2,5,21
219,69360287,19.2,19.2,5,21
220,16661264,19.2,24.2,5,21
221,36392131,19.2,19.2,5,21
222,22259475,19.2,19.2,5,21
223,31948488,19.2,19.2,5,21
224,77638654,19.2,19.2,5,21
225,19374660,19.2,19.2,5,21
226,35483925,19.2,19.2,5,21
227,17818707,19.2,19.2,5,21
228,11773925,19.2,19.2,5,21
229,17864043,19.2,19.2,5,21
230,10062724,19.2,19.2,5,21
231,95429627,19.2,19.2,5,21
232,37087824,19.2,19.2,5,21
233,37640804,19.2,19.2,5,21
234,24124250,19.2,19.2,5,21
235,19975121,19.2,24.2,5,21
236,14181049,19.2,19.2,5,21
237,23734441,19.2,19.2,5,21
238,29865476,19.2,19.2,5,21
239,13215696,19.2,29.2,5,21
240,41910253,19.2,19.2,5,21
241,21283733,19.2,19.2,5,21
242,28635795,19.2,19.2,5,21
243,46055835,19.2,19.2,5,21
244,39308779,19.2,19.2,5,21
245,27980446,19.2,24.2,5,21
246,35344611,19.2,19.2,5,21
247,37370455,19.2,19.2,5,21
248,37997506,19.2,19.2,5,21
249,29456173,19.2,19.2,5,21
250,17021141,19.2,19.2,5,21
251,18997135,19.2,19.2,5,21
252,11773767,19.2,19.2,5,21
253,65352424,19.2,19.2,5,21
254,88907739,19.2,19.2,5,21
255,27409087,19.2,19.2,5,21
256,14224370,19.2,19.2,5,21
257,20275356,19.2,19.2,5,21
258,93988900,19.2,19.2,5,21
259,17043822,19.2,19.2,5,21
260,18172739,19.2,19.2,5,21
261,25923361,19.2,19.2,5,21
262,59777056,19.2,19.2,5,21
263,91026230,19.2,19.2,5,21
264,27512470,19.2,19.2,5,21
265,20427934,19.2,19.2,5,21
266,30344127,19.2,19.2,5,21
267,18106533,19.2,19.2,5,21
268,23761385,19.2,19.2,5,21
269,11676151,19.2,19.2,5,21
270,17640785,19.2,19.2,5,21
271,45077654,19.2,19.2,5,21
272,38707449,19.2,19.2,5,21
273,69097572,19.2,19.2,5,21
274,35474904,19.2,19.2,5,21
275,30148777,19.2,19.2,5,21
276,49204385,19.2,19.2,5,21
277,30304575,19.2,19.2,5,21
278,25780596,19.2,19.2,5,21
279,36139251,19.2,19.2,5,21
280,25507648,19.2,19.2,5,21
281,28939941,19.2,19.2,5,21
282,24580361,19.2,19.2,5,21
283,14126433,19.2,19.2,5,21
284,13130984,19.2,19.2,5,21
285,10734870,19.2,19.2,5,21
286,16426777,19.2,19.2,5,21
287,37931076,19.2,24.2,5,21
288,95011061,19.2,19.2,5,21
289,27914096,19.2,19.2,5,21
290,16121387,19.2,19.2,5,21
291,19072267,19.2,19.2,5,21
292,17189156,19.2,19.2,5,21
293,15289348,19.2,19.2,5,21
294,13727873,19.2,19.2,5,21
295,31111279,19.2,19.2,5,21
296,26987539,19.2,19.2,5,21
297,32308556,19.2,19.2,5,21
298,28109594,19.2,19.2,5,21
299,42164460,19.2,19.2,5,21
300,36694627,19.2,19.2,5,21
301,22861181,19.2,19.2,5,21
302,56286525,19.2,19.2,5,21
303,22450718,19.2,19.2,5,21
304,27573855,19.2,24.2,5,21
305,50775901,19.2,19.2,5,21
306,16833515,19.2,19.2,5,21
307,17555081,19.2,19.2,5,21
308,27798860,19.2,19.2,5,21
309,25719936,19.2,19.2,5,21
310,60624892,19.2,19.2,5,21
311,98309114,19.2,19.2,5,21
312,24710433,19.2,19.2,5,21
313,15297298,19.2,19.2,5,21
314,20210676,19.2,19.2,5,21
315,23841877,19.2,19.2,5,21
316,23032276,19.2,19.2,5,21
317,31547476,19.2,19.2,5,21
318,20033302,19.2,19.2,5,21
319,29134372,19.2,19.2,5,21
320,26975573,19.2,19.2,5,21
321,26767199,19.2,24.2,5,21
322,12780508,19.2,19.2,5,21
323,11887930,19.2,19.2,5,21
324,31850269,19.2,19.2,5,21
325,11209758,19.2,19.2,5,21
326,13212436,19.2,19.2,5,21
327,21125113,19.2,19.2,5,21
328,17510973,19.2,19.2,5,21
329,80053367,19.2,19.2,5,21
330,24740005,19.2,24.2,5,21
331,32219038,19.2,19.2,5,21
332,88859947,19.2,19.2,5,21
333,12890045,19.2,19.2,5,21
334,63391085,19.2,19.2,5,21
335,63145386,19.2,19.2,5,21
336,28815362,19.2,19.2,5,21
337,26695839,19.2,19.2,5,21
338,27531694,19.2,19.2,5,21
339,85417107,19.2,19.2,5,21
340,10001727,19.2,19.2,5,21
341,16626724,19.2,19.2,5,21
342,49937469,19.2,19.2,5,21
343,29564653,19.2,24.2,5,21
344,10738095,19.2,19.2,5,21
345,46258701,19.2,29.2,5,21
346,10541358,19.2,19.2,5,21
347,51769822,19.2,19.2,5,21
348,28808263,19.2,19.2,5,21
349,14413257,15.4,15.4,4,22
350,28629430,15.4,15.4,4,22
351,27497542,15.4,15.4,4,22
352,10176815,15.4,15.4,4,22
353,32720816,15.4,15.4,4,22
354,17781039,15.4,15.4,4,22
355,36904300,15.4,15.4,4,22
356,10724818,15.4,15.4,4,22
357,15973307,15.4,15.4,4,22
358,14267489,15.4,15.4,4,22
359,17659053,15.4,15.4,4,22
360,12239749,15.4,15.4,4,22
361,28020046,15.4,15.4,4,22
362,27549075,15.4,15.4,4,22
363,20317319,15.4,15.4,4,22
364,32385553,15.4,15.4,4,22
365,97169343,15.4,15.4,4,22
366,23063986,15.4,15.4,4,22
367,20321582,15.4,15.4,4,22
368,27090089,15.4,15.4,4,22
369,29574501,15.4,15.4,4,22
370,17311685,15.4,15.4,4,22
371,22884757,15.4,15.4,4,22
372,27243670,15.4,15.4,4,22
373,18882984,15.4,15.4,4,22
374,13855004,15.4,15.4,4,22
375,22510753,15.4,15.4,4,22
376,12693146,15.4,15.4,4,22
377,23818675,15.4,15.4,4,22
378,14585273,15.4,15.4,4,22
379,51638201,15.4,15.4,4,22
380,24516163,15.4,15.4,4,22
381,20565486,15.4,15.4,4,22
382,25047127,15.4,15.4,4,22
383,16804396,15.4,15.4,4,22
384,14278888,15.4,15.4,4,22
385,10070224,15.4,15.4,4,22
386,18436190,15.4,15.4,4,22
387,22560013,15.4,15.4,4,22
388,27789372,15.4,20.4,4,22
389,17306905,15.4,15.4,4,22
390,11432686,15.4,15.4,4,22
391,12155206,15.4,15.4,4,22
392,27298953,15.4,15.4,4,22
393,14062078,15.4,15.4,4,22
394,10251432,15.4,15.4,4,22
395,26509539,15.4,15.4,4,22
396,49285644,15.4,15.4,4,22
397,13503650,15.4,15.4,4,22
398,22380187,15.4,15.4,4,22
399,19599699,15.4,15.4,4,22
400,30990885,15.4,15.4,4,22
401,27921561,15.4,15.4,4,22
402,17432318,15.4,15.4,4,22
403,36107065,15.4,15.4,4,22
404,18669563,15.4,15.4,4,22
405,18569929,15.4,15.4,4,22
406,25867805,15.4,20.4,4,22
407,21586858,15.4,15.4,4,22
408,17342969,15.4,15.4,4,22
409,23110214,15.4,15.4,4,22
410,23918545,15.4,15.4,4,22
411,16702198,15.4,15.4,4,22
412,23807940,15.4,15.4,4,22
413,26173524,15.4,15.4,4,22
414,38056161,15.4,15.4,4,22
415,31211074,15.4,15.4,4,22
416,22455205,15.4,15.4,4,22
417,20966771,15.4,15.4,4,22
418,27058381,15.4,15.4,4,22
419,19920687,15.4,15.4,4,22
420,26579709,15.4,15.4,4,22
421,13565152,15.4,15.4,4,22
422,28398216,15.4,15.4,4,22
423,28298773,15.4,15.4,4,22
424,22465498,15.4,15.4,4,22
425,36024962,15.4,15.4,4,22
426,50222417,15.4,20.4,4,22
427,99433371,15.4,15.4,4,22
428,20082776,15.4,15.4,4,22
429,28172023,15.4,15.4,4,22
430,18900722,15.4,15.4,4,22
431,31929166,15.4,15.4,4,22
432,34319869,15.4,15.4,4,22
433,88651471,15.4,15.4,4,22
434,11415967,15.4,15.4,4,22
435,22571461,15.4,15.4,4,22
436,29999135,15.4,15.4,4,22
437,34970271,15.4,15.4,4,22
438,12202337,15.4,15.4,4,22
439,28969385,15.4,15.4,4,22
440,19147603,15.4,15.4,4,22
441,11490673,15.4,15.4,4,22
442,24230851,15.4,15.4,4,22
443,42332765,15.4,15.4,4,22
444,26127853,15.4,15.4,4,22
445,26924514,15.4,15.4,4,22
446,23951429,15.4,15.4,4,22
447,11958994,15.4,15.4,4,22
448,16850314,15.4,15.4,4,22
449,24544244,15.4,15.4,4,22
450,11183737,15.4,15.4,4,22
451,27710853,15.4,15.4,4,22
452,29510501,15.4,15.4,4,22
453,23760084,15.4,15.4,4,22
454,29134721,15.4,15.4,4,22
455,17483843,15.4,15.4,4,22
456,37348041,15.4,15.4,4,22
457,73448369,15.4,15.4,4,22
458,17276884,15.4,15.4,4,22
459,14036515,15.4,20.4,4,22
460,17431847,15.4,15.4,4,22
461,49777184,15.4,15.4,4,22
462,26167298,15.4,15.4,4,22
463,10873344,15.4,15.4,4,22
464,11957080,15.4,15.4,4,22
465,71422121,15.4,15.4,4,22
466,25905275,15.4,15.4,4,22
467,37764298,15.4,15.4,4,22
468,26071861,15.4,15.4,4,22
469,24410405,15.4,15.4,4,22
470,17556527,15.4,15.4,4,22
471,26065877,15.4,15.4,4,22
472,28623782,15.4,20.4,4,22
473,17274759,15.4,15.4,4,22
474,24154692,15.4,15.4,4,22
475,16887936,15.4,15.4,4,22
476,11804712,15.4,15.4,4,22
477,3547447,15.4,15.4,4,22
478,98965485,15.4,15.4,4,22
479,19149865,15.4,15.4,4,22
480,15856762,15.4,15.4,4,22
481,36302399,15.4,15.4,4,22
482,11262933,15.4,15.4,4,22
483,59487170,15.4,20.4,4,22
484,18072085,15.4,15.4,4,22
485,37560528,15.4,15.4,4,22
486,13294301,15.4,15.4,4,22
487,29926588,15.4,15.4,4,22
488,27637576,15.4,20.4,4,22
489,49997097,15.4,15.4,4,22
490,27084878,15.4,15.4,4,22
491,17307206,15.4,15.4,4,22
492,57364820,15.4,15.4,4,22
493,11637468,15.4,15.4,4,22
494,18198627,15.4,15.4,4,22
495,15425154,15.4,15.4,4,22
496,29723311,15.4,15.4,4,22
497,21122155,15.4,15.4,4,22
498,34151183,15.4,15.4,4,22
499,25067742,15.4,15.4,4,22
500,21763056,15.4,15.4,4,22
501,74126637,15.4,15.4,4,22
502,24670867,15.4,15.4,4,22
503,64471954,15.4,15.4,4,22
504,21912637,15.4,15.4,4,22
505,11441764,15.4,20.4,4,22
506,75297735,15.4,15.4,4,22
507,17641670,15.4,15.4,4,22
508,10553553,15.4,15.4,4,22
509,21338490,15.4,15.4,4,22
510,78403342,15.4,15.4,4,22
511,25749150,15.4,15.4,4,22
512,13115648,15.4,15.4,4,22
513,19926135,15.4,15.4,4,22
514,31602598,15.4,15.4,4,22
515,14470533,15.4,15.4,4,22
516,81217013,15.4,15.4,4,22
517,53640713,15.4,15.4,4,22
518,20604208,15.4,15.4,4,22
519,23139819,15.4,20.4,4,22
520,80503242,15.4,15.4,4,22
521,24219583,15.4,15.4,4,22
522,12938389,15.4,15.4,4,22
523,27788376,15.4,15.4,4,22
524,12955994,15.4,15.4,4,22
525,25678238,15.4,15.4,4,22
526,47410104,15.4,15.4,4,22
527,32802563,15.4,15.4,4,22
528,30863060,15.4,20.4,4,22
529,32433431,15.4,15.4,4,22
530,17025292,15.4,15.4,4,22
531,10247517,15.4,15.4,4,22
532,39569771,15.4,15.4,4,22
533,13173522,15.4,15.4,4,22
534,11555549,15.4,15.4,4,22
535,14107571,15.4,15.4,4,22
536,51724595,15.4,15.4,4,22
537,15699744,15.4,15.4,4,22
538,17165107,15.4,15.4,4,22
539,26581830,15.4,15.4,4,22
540,23636277,15.4,15.4,4,22
541,18824120,15.4,15.4,4,22
542,27884470,15.4,15.4,4,22
543,28051330,15.4,15.4,4,22
544,93301686,15.4,15.4,4,22
545,25990239,15.4,15.4,4,22
546,19796840,15.4,15.4,4,22
547,37360517,15.4,15.4,4,22
548,70528646,15.4,15.4,4,22
549,18885231,15.4,15.4,4,22
550,15620421,15.4,15.4,4,22
551,15053703,15.4,15.4,4,22
552,13014900,15.4,15.4,4,22
553,20969845,15.4,15.4,4,22
554,24833063,15.4,15.4,4,22
555,36149549,15.4,15.4,4,22
556,23617240,15.4,15.4,4,22
557,23917826,15.4,15.4,4,22
558,34304175,15.4,15.4,4,22
559,99033098,15.4,15.4,4,22
560,18979238,15.4,15.4,4,22
561,20390397,15.4,15.4,4,22
562,38115035,15.4,15.4,4,22
563,17857644,15.4,15.4,4,22
564,12334650,15.4,15.4,4,22
565,39295103,15.4,15.4,4,22
566,25718772,15.4,15.4,4,22
567,11919526,15.4,15.4,4,22
568,27529455,15.4,15.4,4,22
569,26496059,15.4,15.4,4,22
570,27496514,15.4,15.4,4,22
571,19336728,15.4,15.4,4,22
572,14055971,15.4,15.4,4,22
573,14937492,15.4,15.4,4,22
574,46514339,15.4,15.4,4,22
575,29640922,15.4,15.4,4,22
576,18757174,15.4,15.4,4,22
577,35389360,15.4,15.4,4,22
578,36517781,15.4,15.4,4,22
579,22890839,15.4,15.4,4,22
580,23497307,15.4,15.4,4,22
581,19553067,15.4,15.4,4,22
582,20357858,15.4,15.4,4,22
583,20918464,15.4,15.4,4,22
584,12230301,15.4,15.4,4,22
585,77828437,15.4,15.4,4,22
586,19911786,15.4,15.4,4,22
587,35492909,15.4,15.4,4,22
588,68781345,15.4,15.4,4,22
589,13964744,15.4,15.4,4,22
590,93002334,15.4,15.4,4,22
591,24589765,15.4,15.4,4,22
592,79536879,15.4,15.4,4,22
593,42304307,15.4,15.4,4,22
594,23929500,15.4,15.4,4,22
595,67631413,15.4,15.4,4,22
596,26819872,15.4,15.4,4,22
597,26888302,15.4,15.4,4,22
598,81588968,15.4,15.4,4,22
599,94137171,15.4,15.4,4,22
600,43720116,15.4,15.4,4,22
601,38663892,15.4,15.4,4,22
602,22323967,15.4,20.4,4,22
603,22492537,15.4,20.4,4,22
604,21807211,15.4,15.4,4,22
605,25543217,15.4,15.4,4,22
606,17714174,15.4,15.4,4,22
607,71499299,15.4,15.4,4,22
608,15233524,15.4,15.4,4,22
609,13888506,15.4,15.4,4,22
610,14287992,15.4,15.4,4,22
611,17421910,15.4,15.4,4,22
612,27689009,15.4,15.4,4,22
613,59422148,15.4,15.4,4,22
614,26530696,15.4,15.4,4,22
615,70750649,15.4,15.4,4,22
616,31761591,15.4,15.4,4,22
617,31362807,15.4,15.4,4,22
618,54308684,15.4,15.4,4,22
619,21570485,15.4,15.4,4,22
620,37473139,15.4,15.4,4,22
621,33627938,11.5,11.5,3,23
622,17694572,11.5,11.5,3,23
623,22442947,11.5,11.5,3,23
624,19717385,11.5,11.5,3,23
625,32977530,11.5,11.5,3,23
626,19284293,11.5,11.5,3,23
627,26829350,11.5,11.5,3,23
628,29968330,11.5,11.5,3,23
629,27607632,11.5,16.5,3,23
630,40987524,11.5,11.5,3,23
631,15765660,11.5,11.5,3,23
632,22232367,11.5,11.5,3,23
633,13195436,11.5,11.5,3,23
634,67582956,11.5,11.5,3,23
635,15618327,11.5,11.5,3,23
636,19818707,11.5,11.5,3,23
637,23985183,11.5,11.5,3,23
638,22182279,11.5,11.5,3,23
639,26046064,11.5,11.5,3,23
640,11155153,11.5,11.5,3,23
641,30968749,11.5,11.5,3,23
642,25797445,11.5,11.5,3,23
643,12546838,11.5,11.5,3,23
644,29908929,11.5,11.5,3,23
645,27040860,11.5,11.5,3,23
646,30097175,11.5,11.5,3,23
647,21298336,11.5,11.5,3,23
648,31684925,11.5,11.5,3,23
649,55595908,11.5,11.5,3,23
650,18311419,11.5,11.5,3,23
651,28724469,11.5,11.5,3,23
652,18636651,11.5,11.5,3,23
653,24967652,11.5,11.5,3,23
654,71767359,11.5,11.5,3,23
655,13386301,11.5,11.5,3,23
656,27091280,11.5,16.5,3,23
657,50324968,11.5,11.5,3,23
658,20748929,11.5,11.5,3,23
659,14070138,11.5,11.5,3,23
660,16519708,11.5,11.5,3,23
661,28337049,11.5,11.5,3,23
662,17392859,11.5,11.5,3,23
663,15792052,11.5,11.5,3,23
664,19124258,11.5,11.5,3,23
665,12488356,11.5,11.5,3,23
666,21847415,11.5,11.5,3,23
667,30288581,11.5,11.5,3,23
668,34797369,11.5,11.5,3,23
669,98379112,11.5,11.5,3,23
670,17108676,11.5,11.5,3,23
671,74236636,11.5,11.5,3,23
672,25608963,11.5,11.5,3,23
673,32081266,11.5,11.5,3,23
674,33527446,11.5,11.5,3,23
675,19545827,11.5,11.5,3,23
676,43685045,11.5,11.5,3,23
677,21794875,11.5,11.5,3,23
678,39675895,11.5,11.5,3,23
679,74512244,11.5,11.5,3,23
680,54934269,11.5,11.5,3,23
681,37374340,11.5,11.5,3,23
682,38907798,11.5,11.5,3,23
683,38225199,11.5,11.5,3,23
684,14106638,11.5,11.5,3,23
685,47276718,11.5,11.5,3,23
686,18753367,11.5,11.5,3,23
687,26456899,11.5,11.5,3,23
688,19234823,11.5,11.5,3,23
689,17254634,11.5,11.5,3,23
690,17880988,11.5,11.5,3,23
691,15011085,11.5,11.5,3,23
692,23354541,11.5,11.5,3,23
693,29494962,11.5,11.5,3,23
694,59403481,11.5,11.5,3,23
695,25846894,11.5,11.5,3,23
696,95970987,11.5,11.5,3,23
697,15337481,11.5,11.5,3,23
698,75950464,11.5,11.5,3,23
699,14708590,11.5,11.5,3,23
700,13909762,11.5,11.5,3,23
701,39115899,11.5,11.5,3,23
702,13072354,11.5,11.5,3,23
703,14491649,11.5,11.5,3,23
704,30813919,11.5,11.5,3,23
705,29177904,11.5,11.5,3,23
706,20400279,11.5,11.5,3,23
707,28359817,11.5,11.5,3,23
708,25862026,11.5,11.5,3,23
709,28614791,11.5,11.5,3,23
710,29821051,11.5,11.5,3,23
711,74849878,11.5,11.5,3,23
712,13352113,11.5,11.5,3,23
713,20110597,11.5,11.5,3,23
714,20211577,11.5,11.5,3,23
715,12315079,11.5,11.5,3,23
716,49325370,11.5,11.5,3,23
717,14408510,11.5,11.5,3,23
718,12858898,11.5,11.5,3,23
719,24754689,11.5,11.5,3,23
720,11163645,11.5,11.5,3,23
721,15363277,11.5,11.5,3,23
722,19405513,11.5,11.5,3,23
723,81677620,11.5,11.5,3,23
724,15592167,11.5,11.5,3,23
725,11188218,11.5,11.5,3,23
726,18725071,11.5,11.5,3,23
727,38291889,11.5,11.5,3,23
728,99244405,11.5,11.5,3,23
729,19786924,11.5,11.5,3,23
730,25729119,11.5,11.5,3,23
731,58105060,11.5,11.5,3,23
732,24240349,11.5,11.5,3,23
733,20765795,11.5,11.5,3,23
734,14449423,11.5,11.5,3,23
735,34198885,11.5,11.5,3,23
736,12065211,11.5,16.5,3,23
737,10186968,11.5,11.5,3,23
738,13907230,11.5,11.5,3,23
739,28423028,11.5,11.5,3,23
740,26958533,11.5,11.5,3,23
741,48285304,11.5,11.5,3,23
742,14722634,11.5,11.5,3,23
743,78229715,11.5,11.5,3,23
744,22720697,11.5,11.5,3,23
745,20705888,11.5,11.5,3,23
746,28522529,11.5,11.5,3,23
747,23387174,11.5,11.5,3,23
748,29930479,11.5,11.5,3,23
749,33141415,11.5,11.5,3,23
750,24703009,11.5,11.5,3,23
751,35554162,11.5,11.5,3,23
752,19446337,11.5,11.5,3,23
753,23438112,11.5,16.5,3,23
754,36206485,11.5,11.5,3,23
755,28013287,11.5,11.5,3,23
756,23398843,11.5,11.5,3,23
757,28803888,11.5,11.5,3,23
758,25187733,11.5,11.5,3,23
759,17570634,11.5,11.5,3,23
760,10333299,11.5,11.5,3,23
761,36366044,11.5,11.5,3,23
762,19951766,11.5,11.5,3,23
763,24548333,11.5,11.5,3,23
764,20736486,11.5,11.5,3,23
765,16203589,11.5,11.5,3,23
766,66683238,11.5,11.5,3,23
767,10527994,11.5,11.5,3,23
768,11336022,11.5,11.5,3,23
769,34033933,11.5,11.5,3,23
770,33964275,11.5,11.5,3,23
771,12420359,11.5,11.5,3,23
772,26585242,11.5,11.5,3,23
773,24550866,11.5,11.5,3,23
774,21334981,11.5,11.5,3,23
775,10588874,11.5,11.5,3,23
776,44147689,11.5,11.5,3,23
777,23939133,11.5,11.5,3,23
778,22807104,11.5,11.5,3,23
779,34544955,11.5,11.5,3,23
780,93436805,11.5,11.5,3,23
781,39908485,11.5,11.5,3,23
782,39566718,11.5,11.5,3,23
783,12666174,11.5,11.5,3,23
784,29894080,11.5,11.5,3,23
785,27066370,11.5,16.5,3,23
786,20681037,11.5,11.5,3,23
787,16924279,11.5,11.5,3,23
788,30311725,11.5,11.5,3,23
789,37913536,11.5,11.5,3,23
790,28831442,11.5,11.5,3,23
791,91197243,11.5,11.5,3,23
792,31243710,11.5,11.5,3,23
793,81373857,11.5,11.5,3,23
794,92985983,11.5,11.5,3,23
795,27909372,11.5,11.5,3,23
796,11444536,11.5,11.5,3,23
797,47317494,11.5,11.5,3,23
798,24444525,11.5,11.5,3,23
799,10268614,11.5,11.5,3,23
800,29211359,11.5,11.5,3,23
801,29072179,11.5,11.5,3,23
802,11850315,11.5,11.5,3,23
803,21297828,11.5,11.5,3,23
804,30642458,11.5,11.5,3,23
805,19503224,11.5,11.5,3,23
806,12567516,11.5,11.5,3,23
807,21478007,11.5,11.5,3,23
808,14667659,11.5,11.5,3,23
809,23522150,11.5,11.5,3,23
810,78357954,11.5,11.5,3,23
811,97449528,11.5,16.5,3,23
812,38650096,11.5,11.5,3,23
813,18932512,11.5,11.5,3,23
814,15210069,11.5,16.5,3,23
815,19831366,11.5,11.5,3,23
816,25924968,11.5,11.5,3,23
817,24361598,11.5,11.5,3,23
818,25857360,11.5,11.5,3,23
819,13129275,11.5,11.5,3,23
820,20470943,11.5,11.5,3,23
821,34712719,11.5,11.5,3,23
822,14910300,11.5,11.5,3,23
823,23864858,11.5,11.5,3,23
824,73282756,11.5,11.5,3,23
825,18905648,11.5,11.5,3,23
826,59011090,11.5,11.5,3,23
827,15293959,11.5,11.5,3,23
828,32109048,11.5,11.5,3,23
829,48037995,11.5,11.5,3,23
830,51363762,11.5,11.5,3,23
831,18067556,11.5,11.5,3,23
832,79541391,11.5,11.5,3,23
833,14364597,11.5,11.5,3,23
834,13837784,11.5,11.5,3,23
835,26341987,11.5,11.5,3,23
836,31162167,11.5,11.5,3,23
837,25723793,11.5,11.5,3,23
838,22488036,11.5,11.5,3,23
839,38108845,11.5,11.5,3,23
840,30999638,11.5,11.5,3,23
841,21386255,11.5,11.5,3,23
842,13915715,11.5,11.5,3,23
843,93828034,11.5,11.5,3,23
844,20879311,11.5,11.5,3,23
845,29329075,11.5,11.5,3,23
846,33072201,11.5,11.5,3,23
847,32441790,11.5,11.5,3,23
848,10926726,11.5,11.5,3,23
849,29075857,11.5,11.5,3,23
850,38897568,11.5,11.5,3,23
851,18208580,11.5,11.5,3,23
852,70667011,11.5,11.5,3,23
853,25258040,11.5,11.5,3,23
854,26459032,11.5,11.5,3,23
855,15083600,11.5,11.5,3,23
856,26234972,11.5,11.5,3,23
857,15535920,11.5,11.5,3,23
858,14966165,11.5,11.5,3,23
859,21663616,11.5,11.5,3,23
860,41590605,11.5,11.5,3,23
861,28126340,11.5,11.5,3,23
862,52618188,11.5,11.5,3,23
863,74552449,11.5,11.5,3,23
864,22615491,11.5,11.5,3,23
865,20001721,11.5,11.5,3,23
866,29319314,11.5,11.5,3,23
867,77266989,11.5,11.5,3,23
868,27397245,11.5,11.5,3,23
869,31016926,11.5,21.5,3,23
870,43378989,11.5,11.5,3,23
871,12251115,11.5,11.5,3,23
872,54421668,11.5,11.5,3,23
873,32959732,11.5,11.5,3,23
874,20024870,11.5,11.5,3,23
875,25080805,11.5,11.5,3,23
876,27606527,11.5,11.5,3,23
877,33872500,11.5,11.5,3,23
878,13405733,11.5,11.5,3,23
879,24020470,11.5,11.5,3,23
880,45167858,11.5,11.5,3,23
881,13982572,11.5,11.5,3,23
882,99124477,11.5,11.5,3,23
883,21916744,11.5,11.5,3,23
884,12695799,11.5,11.5,3,23
885,16605352,11.5,11.5,3,23
886,35164503,11.5,11.5,3,23
887,22485475,11.5,11.5,3,23
888,99714410,11.5,11.5,3,23
889,12374933,11.5,11.5,3,23
890,21512769,11.5,11.5,3,23
891,32980197,11.5,11.5,3,23
892,20850529,11.5,11.5,3,23
893,91697974,11.5,11.5,3,23
894,25624652,11.5,11.5,3,23
895,17213671,11.5,11.5,3,23
896,31025785,11.5,11.5,3,23
897,60182829,11.5,11.5,3,23
898,96493528,11.5,11.5,3,23
899,18079050,11.5,11.5,3,23
900,23477199,11.5,11.5,3,23
901,29306433,11.5,11.5,3,23
902,21134923,11.5,11.5,3,23
903,37292350,11.5,11.5,3,23
904,84512719,11.5,11.5,3,23
905,69181350,11.5,11.5,3,23
906,18856440,11.5,11.5,3,23
907,28951817,11.5,11.5,3,23
908,13586069,11.5,11.5,3,23
909,26673507,11.5,11.5,3,23
910,16300459,11.5,11.5,3,23
911,73157997,11.5,11.5,3,23
912,28895997,11.5,11.5,3,23
913,25162378,11.5,11.5,3,23
914,22506245,11.5,11.5,3,23
915,99561379,11.5,11.5,3,23
916,28711616,11.5,11.5,3,23
917,18586076,11.5,11.5,3,23
918,36970996,11.5,11.5,3,23
919,55097118,11.5,11.5,3,23
920,29928796,11.5,11.5,3,23
921,30437583,11.5,11.5,3,23
922,19851252,11.5,11.5,3,23
923,23631188,11.5,11.5,3,23
924,19156751,11.5,11.5,3,23
925,25694422,11.5,11.5,3,23
926,51018476,11.5,11.5,3,23
927,18795567,11.5,11.5,3,23
928,35564026,11.5,11.5,3,23
929,10329506,11.5,11.5,3,23
930,29221006,11.5,11.5,3,23
931,87826037,11.5,11.5,3,23
932,37540732,11.5,11.5,3,23
933,22319662,11.5,11.5,3,23
934,16172429,11.5,11.5,3,23
935,81042872,11.5,11.5,3,23
936,20356750,11.5,11.5,3,23
937,51681660,11.5,11.5,3,23
938,20986595,11.5,11.5,3,23
939,36019469,11.5,11.5,3,23
940,36379931,11.5,11.5,3,23
941,20488267,11.5,11.5,3,23
942,22593054,11.5,11.5,3,23
943,32532982,11.5,11.5,3,23
944,12547982,11.5,11.5,3,23
945,94417768,11.5,11.5,3,23
946,16985289,11.5,11.5,3,23
947,12043694,11.5,11.5,3,23
948,21190805,11.5,11.5,3,23
949,26070334,11.5,11.5,3,23
950,28247753,11.5,11.5,3,23
951,91930382,11.5,11.5,3,23
952,27523575,11.5,11.5,3,23
953,16861758,11.5,11.5,3,23
954,41523474,11.5,11.5,3,23
955,15575117,11.5,11.5,3,23
956,10399912,11.5,11.5,3,23
957,76010167,11.5,11.5,3,23
958,29161565,11.5,11.5,3,23
959,22650051,11.5,11.5,3,23
960,17983430,11.5,11.5,3,23
961,10189110,11.5,11.5,3,23
962,13764840,11.5,11.5,3,23
963,12669075,11.5,11.5,3,23
964,89197180,11.5,11.5,3,23
965,16723524,11.5,11.5,3,23
966,23719943,11.5,11.5,3,23
967,20504094,11.5,11.5,3,23
968,77576845,11.5,11.5,3,23
969,26278597,11.5,11.5,3,23
970,14206561,11.5,11.5,3,23
971,44624796,11.5,11.5,3,23
972,54227873,11.5,11.5,3,23
973,86828820,11.5,11.5,3,23
974,12860543,11.5,11.5,3,23
975,16605640,11.5,11.5,3,23
976,23190306,11.5,11.5,3,23
977,79759716,11.5,11.5,3,23
978,17655479,7.7,7.7,2,24
979,99416532,7.7,7.7,2,24
980,79261033,7.7,7.7,2,24
981,10344379,7.7,7.7,2,24
982,23427369,7.7,7.7,2,24
983,95714702,7.7,7.7,2,24
984,23246831,7.7,7.7,2,24
985,12802330,7.7,7.7,2,24
986,29415426,7.7,7.7,2,24
987,90066849,7.7,7.7,2,24
988,29399491,7.7,7.7,2,24
989,19473948,7.7,7.7,2,24
990,71772815,7.7,7.7,2,24
991,18328743,7.7,7.7,2,24
992,91051945,7.7,7.7,2,24
993,32965335,7.7,7.7,2,24
994,16237710,7.7,7.7,2,24
995,25127518,7.7,7.7,2,24
996,16332348,7.7,7.7,2,24
997,12544735,7.7,7.7,2,24
998,21853199,7.7,7.7,2,24
999,25547145,7.7,7.7,2,24
1000,14055988,7.7,7.7,2,24
1001,19506295,7.7,7.7,2,24
1002,27624540,7.7,7.7,2,24
1003,98509238,7.7,7.7,2,24
1004,26932091,7.7,7.7,2,24
1005,55477468,7.7,7.7,2,24
1006,13405229,7.7,7.7,2,24
1007,81011612,7.7,7.7,2,24
1008,62809577,7.7,7.7,2,24
1009,17407184,7.7,7.7,2,24
1010,24817041,7.7,7.7,2,24
1011,25462793,7.7,7.7,2,24
1012,21614256,7.7,7.7,2,24
1013,19518606,7.7,7.7,2,24
1014,15727656,7.7,7.7,2,24
1015,31242382,7.7,7.7,2,24
1016,29173771,7.7,7.7,2,24
1017,40088790,7.7,7.7,2,24
1018,12587973,7.7,7.7,2,24
1019,25422388,7.7,7.7,2,24
1020,51349448,7.7,7.7,2,24
1021,34303500,7.7,7.7,2,24
1022,36621169,7.7,7.7,2,24
1023,26676567,7.7,7.7,2,24
1024,11169163,7.7,7.7,2,24
1025,20026169,7.7,7.7,2,24
1026,21550454,7.7,7.7,2,24
1027,22968380,7.7,7.7,2,24
1028,87635012,7.7,7.7,2,24
1029,78257294,7.7,7.7,2,24
1030,12442909,7.7,7.7,2,24
1031,17847636,7.7,7.7,2,24
1032,29050809,7.7,7.7,2,24
1033,12144825,7.7,7.7,2,24
1034,29211919,7.7,7.7,2,24
1035,24001783,7.7,7.7,2,24
1036,19532392,7.7,7.7,2,24
1037,34141299,7.7,7.7,2,24
1038,89740812,7.7,7.7,2,24
1039,29524570,7.7,7.7,2,24
1040,18635654,7.7,7.7,2,24
1041,11943065,7.7,7.7,2,24
1042,25397102,7.7,7.7,2,24
1043,28111403,7.7,7.7,2,24
1044,21038022,7.7,7.7,2,24
1045,24946537,7.7,7.7,2,24
1046,13072019,7.7,7.7,2,24
1047,36331163,7.7,7.7,2,24
1048,11393213,7.7,7.7,2,24
1049,35971546,7.7,7.7,2,24
1050,12674307,7.7,7.7,2,24
1051,20969119,7.7,7.7,2,24
1052,28867567,7.7,7.7,2,24
1053,24773845,7.7,7.7,2,24
1054,36252245,7.7,7.7,2,24
1055,42546558,7.7,7.7,2,24
1056,13234267,7.7,7.7,2,24
1057,18293620,7.7,7.7,2,24
1058,30542184,7.7,7.7,2,24
1059,19396040,7.7,7.7,2,24
1060,10219099,7.7,7.7,2,24
1061,82125182,7.7,7.7,2,24
1062,17488801,7.7,7.7,2,24
1063,12491898,7.7,7.7,2,24
1064,24455357,7.7,7.7,2,24
1065,17704246,7.7,7.7,2,24
1066,24610685,7.7,7.7,2,24
1067,38087844,7.7,7.7,2,24
1068,85918100,7.7,7.7,2,24
1069,18460045,7.7,7.7,2,24
1070,14248724,7.7,7.7,2,24
1071,12059198,7.7,7.7,2,24
1072,29208172,7.7,7.7,2,24
1073,27850777,7.7,7.7,2,24
1074,90629382,7.7,7.7,2,24
1075,23438227,7.7,7.7,2,24
1076,27152464,7.7,7.7,2,24
1077,11616482,7.7,7.7,2,24
1078,24770846,7.7,7.7,2,24
1079,28756444,7.7,7.7,2,24
1080,27835351,7.7,7.7,2,24
1081,27233183,7.7,7.7,2,24
1082,55500538,7.7,7.7,2,24
1083,69336473,7.7,7.7,2,24
1084,17312146,7.7,7.7,2,24
1085,29746235,7.7,7.7,2,24
1086,25157655,7.7,7.7,2,24
1087,24061629,7.7,7.7,2,24
1088,17199951,7.7,7.7,2,24
1089,17926546,7.7,7.7,2,24
1090,20882041,7.7,7.7,2,24
1091,45286020,7.7,7.7,2,24
1092,22551979,7.7,7.7,2,24
1093,16270906,7.7,7.7,2,24
1094,38535335,7.7,7.7,2,24
1095,81125166,7.7,7.7,2,24
1096,11020140,7.7,7.7,2,24
1097,54246169,7.7,7.7,2,24
1098,26503829,7.7,7.7,2,24
1099,37751611,7.7,7.7,2,24
1100,27024099,7.7,7.7,2,24
1101,36094883,7.7,7.7,2,24
1102,56025640,7.7,7.7,2,24
1103,15139979,7.7,7.7,2,24
1104,12022566,7.7,7.7,2,24
1105,25919149,7.7,7.7,2,24
1106,27756469,7.7,7.7,2,24
1107,35985133,7.7,7.7,2,24
1108,82118447,7.7,12.7,2,24
1109,29825044,7.7,7.7,2,24
1110,11088337,7.7,7.7,2,24
1111,19364677,7.7,7.7,2,24
1112,49685006,7.7,7.7,2,24
1113,38165833,7.7,7.7,2,24
1114,27936502,7.7,12.7,2,24
1115,65325317,7.7,7.7,2,24
1116,20748926,7.7,7.7,2,24
1117,34317538,7.7,7.7,2,24
1118,23628651,7.7,7.7,2,24
1119,14241621,7.7,7.7,2,24
1120,27176039,7.7,7.7,2,24
1121,25142074,7.7,7.7,2,24
1122,26586477,7.7,7.7,2,24
1123,10562768,7.7,7.7,2,24
1124,41586420,7.7,7.7,2,24
1125,45475027,7.7,7.7,2,24
1126,34792238,7.7,7.7,2,24
1127,34875813,7.7,7.7,2,24
1128,39441617,7.7,7.7,2,24
1129,88691367,7.7,7.7,2,24
1130,21868149,7.7,7.7,2,24
1131,22259768,7.7,7.7,2,24
1132,10332998,7.7,7.7,2,24
1133,22718826,7.7,7.7,2,24
1134,33023370,7.7,7.7,2,24
1135,32773331,7.7,7.7,2,24
1136,30430249,7.7,7.7,2,24
1137,10876132,7.7,7.7,2,24
1138,18509268,7.7,7.7,2,24
1139,78273826,7.7,7.7,2,24
1140,27796199,7.7,7.7,2,24
1141,36574147,7.7,7.7,2,24
1142,21568833,7.7,7.7,2,24
1143,76530505,7.7,7.7,2,24
1144,19724031,7.7,7.7,2,24
1145,11995013,7.7,7.7,2,24
1146,72807293,7.7,7.7,2,24
1147,99806115,7.7,7.7,2,24
1148,28998957,7.7,7.7,2,24
1149,10820510,7.7,7.7,2,24
1150,12826414,7.7,7.7,2,24
1151,63083944,7.7,7.7,2,24
1152,30397268,7.7,7.7,2,24
1153,12695537,7.7,7.7,2,24
1154,25070914,7.7,7.7,2,24
1155,10182582,7.7,7.7,2,24
1156,31813535,7.7,7.7,2,24
1157,17115815,7.7,7.7,2,24
1158,24412546,7.7,7.7,2,24
1159,12377803,7.7,7.7,2,24
1160,13199813,7.7,7.7,2,24
1161,28862054,7.7,7.7,2,24
1162,14536764,7.7,7.7,2,24
1163,28063132,7.7,7.7,2,24
1164,12526702,7.7,7.7,2,24
1165,48533663,7.7,7.7,2,24
1166,33919379,7.7,7.7,2,24
1167,15602094,7.7,7.7,2,24
1168,95792386,7.7,7.7,2,24
1169,31217840,7.7,7.7,2,24
1170,73075521,7.7,7.7,2,24
1171,20314980,7.7,7.7,2,24
1172,25413261,7.7,7.7,2,24
1173,27000192,7.7,7.7,2,24
1174,27257013,7.7,7.7,2,24
1175,25561640,7.7,7.7,2,24
1176,29196643,7.7,7.7,2,24
1177,17915015,7.7,7.7,2,24
1178,16474898,7.7,7.7,2,24
1179,29165698,7.7,7.7,2,24
1180,57575888,7.7,7.7,2,24
1181,17602815,7.7,7.7,2,24
1182,14752209,7.7,7.7,2,24
1183,59818742,7.7,7.7,2,24
1184,15717923,7.7,7.7,2,24
1185,19540089,7.7,7.7,2,24
1186,29612672,7.7,7.7,2,24
1187,66741193,7.7,7.7,2,24
1188,20880935,7.7,7.7,2,24
1189,27485716,7.7,7.7,2,24
1190,24977396,7.7,7.7,2,24
1191,19938081,7.7,7.7,2,24
1192,14346702,7.7,7.7,2,24
1193,67406885,7.7,7.7,2,24
1194,15265464,7.7,7.7,2,24
1195,32318506,7.7,7.7,2,24
1196,41950126,7.7,7.7,2,24
1197,15917885,7.7,7.7,2,24
1198,24590489,7.7,7.7,2,24
1199,29998869,7.7,7.7,2,24
1200,23573064,7.7,7.7,2,24
1201,25330083,7.7,7.7,2,24
1202,69487178,7.7,7.7,2,24
1203,69199666,7.7,7.7,2,24
1204,23814777,7.7,7.7,2,24
1205,28745844,7.7,7.7,2,24
1206,25497147,7.7,7.7,2,24
1207,23752500,7.7,7.7,2,24
1208,39470264,7.7,7.7,2,24
1209,29076405,7.7,7.7,2,24
1210,27419236,7.7,7.7,2,24
1211,84373843,7.7,7.7,2,24
1212,25328428,7.7,7.7,2,24
1213,23944036,7.7,7.7,2,24
1214,18133495,7.7,7.7,2,24
1215,16620172,7.7,7.7,2,24
1216,21321598,7.7,7.7,2,24
1217,15636923,7.7,7.7,2,24
1218,14413148,7.7,7.7,2,24
1219,62850928,7.7,7.7,2,24
1220,10480456,7.7,7.7,2,24
1221,14667957,7.7,7.7,2,24
1222,28758002,7.7,7.7,2,24
1223,11332602,7.7,7.7,2,24
1224,22093368,7.7,7.7,2,24
1225,11266906,7.7,7.7,2,24
1226,31710562,7.7,7.7,2,24
1227,28396458,7.7,7.7,2,24
1228,26231609,7.7,7.7,2,24
1229,10076271,7.7,7.7,2,24
1230,36861863,7.7,7.7,2,24
1231,24025053,7.7,7.7,2,24
1232,26908066,7.7,7.7,2,24
1233,37001381,7.7,7.7,2,24
1234,20172393,7.7,7.7,2,24
1235,39082090,7.7,7.7,2,24
1236,45907524,7.7,7.7,2,24
1237,24854026,7.7,7.7,2,24
1238,15891494,7.7,7.7,2,24
1239,84356308,7.7,7.7,2,24
1240,61634281,7.7,7.7,2,24
1241,24530382,7.7,7.7,2,24
1242,28531493,7.7,7.7,2,24
1243,16186411,7.7,7.7,2,24
1244,26746496,7.7,7.7,2,24
1245,34051710,7.7,7.7,2,24
1246,24583187,7.7,7.7,2,24
1247,42384185,7.7,7.7,2,24
1248,25200253,7.7,7.7,2,24
1249,41651672,7.7,7.7,2,24
1250,18645964,7.7,7.7,2,24
1251,10265057,7.7,7.7,2,24
1252,12763627,7.7,12.7,2,24
1253,33803142,7.7,7.7,2,24
1254,11605833,7.7,7.7,2,24
1255,25451319,7.7,7.7,2,24
1256,24709432,7.7,7.7,2,24
1257,15354126,7.7,7.7,2,24
1258,11877150,7.7,7.7,2,24
1259,26768723,7.7,7.7,2,24
1260,45462344,7.7,7.7,2,24
1261,24677466,7.7,7.7,2,24
1262,52246737,7.7,7.7,2,24
1263,58915642,7.7,7.7,2,24
1264,16893572,7.7,7.7,2,24
1265,18488289,7.7,7.7,2,24
1266,10005171,7.7,7.7,2,24
1267,24994145,7.7,7.7,2,24
1268,27981289,7.7,7.7,2,24
1269,91268638,7.7,7.7,2,24
1270,29990140,7.7,7.7,2,24
1271,15499825,7.7,7.7,2,24
1272,18949843,7.7,7.7,2,24
1273,72876163,7.7,7.7,2,24
1274,24953921,7.7,7.7,2,24
1275,35302620,7.7,7.7,2,24
1276,10428916,7.7,7.7,2,24
1277,13367322,7.7,7.7,2,24
1278,16038911,7.7,7.7,2,24
1279,29406313,7.7,7.7,2,24
1280,17131084,7.7,7.7,2,24
1281,29775391,7.7,7.7,2,24
1282,35157762,7.7,7.7,2,24
1283,35325329,7.7,7.7,2,24
1284,51554903,7.7,7.7,2,24
1285,14569498,7.7,7.7,2,24
1286,12938200,7.7,7.7,2,24
1287,18129173,7.7,7.7,2,24
1288,51639418,7.7,7.7,2,24
1289,77156708,7.7,7.7,2,24
1290,30864828,7.7,7.7,2,24
1291,81508860,7.7,7.7,2,24
1292,14556869,7.7,7.7,2,24
1293,41344156,7.7,7.7,2,24
1294,68460556,7.7,7.7,2,24
1295,65864767,7.7,7.7,2,24
1296,74522938,7.7,7.7,2,24
1297,16924102,7.7,7.7,2,24
1298,28092317,7.7,7.7,2,24
1299,24038620,7.7,7.7,2,24
1300,29839396,7.7,7.7,2,24
1301,27120528,7.7,7.7,2,24
1302,21869994,7.7,7.7,2,24
1303,29792535,7.7,7.7,2,24
1304,30713796,7.7,7.7,2,24
1305,30127072,7.7,7.7,2,24
1306,34185495,7.7,7.7,2,24
1307,38753827,7.7,7.7,2,24
1308,26801767,7.7,7.7,2,24
1309,91515108,7.7,7.7,2,24
1310,84295343,7.7,7.7,2,24
1311,24703983,7.7,7.7,2,24
1312,47487091,7.7,7.7,2,24
1313,25706337,7.7,7.7,2,24
1314,91318828,7.7,7.7,2,24
1315,80679862,7.7,7.7,2,24
1316,46260230,7.7,7.7,2,24
1317,14663897,7.7,7.7,2,24
1318,21904897,7.7,7.7,2,24
1319,23591247,7.7,7.7,2,24
1320,34252537,7.7,7.7,2,24
1321,34452806,7.7,7.7,2,24
1322,28669770,7.7,7.7,2,24
1323,21297521,7.7,7.7,2,24
1324,23323001,7.7,7.7,2,24
1325,34783330,7.7,7.7,2,24
1326,14789139,7.7,12.7,2,24
1327,27536013,7.7,7.7,2,24
1328,18301617,7.7,7.7,2,24
1329,24913648,7.7,7.7,2,24
1330,22946204,7.7,7.7,2,24
1331,63989974,7.7,7.7,2,24
1332,15484011,7.7,7.7,2,24
1333,24592627,7.7,7.7,2,24
1334,14508237,7.7,7.7,2,24
1335,82140102,7.7,7.7,2,24
1336,12019284,7.7,7.7,2,24
1337,10235429,7.7,7.7,2,24
1338,30757456,7.7,7.7,2,24
1339,23933031,7.7,7.7,2,24
1340,30709029,7.7,7.7,2,24
1341,29147100,7.7,7.7,2,24
1342,25061645,7.7,7.7,2,24
1343,18334783,7.7,7.7,2,24
1344,98389424,7.7,12.7,2,24
1345,87118391,7.7,7.7,2,24
1346,56068028,7.7,7.7,2,24
1347,12674256,7.7,7.7,2,24
1348,27888251,7.7,7.7,2,24
1349,26835781,7.7,7.7,2,24
1350,26921245,7.7,7.7,2,24
1351,38565119,7.7,7.7,2,24
1352,61315605,7.7,7.7,2,24
1353,19164410,7.7,7.7,2,24
1354,22567495,3.8,3.8,1,25
1355,20006992,3.8,3.8,1,25
1356,30083943,3.8,3.8,1,25
1357,18062906,3.8,3.8,1,25
1358,19147947,3.8,3.8,1,25
1359,16223371,3.8,3.8,1,25
1360,79376680,3.8,3.8,1,25
1361,57706851,3.8,3.8,1,25
1362,41152404,3.8,3.8,1,25
1363,19362586,3.8,3.8,1,25
1364,75057933,3.8,3.8,1,25
1365,23577836,3.8,3.8,1,25
1366,20253563,3.8,3.8,1,25
1367,15821633,3.8,3.8,1,25
1368,20624984,3.8,3.8,1,25
1369,20324037,3.8,3.8,1,25
1370,27974588,3.8,3.8,1,25
1371,24251588,3.8,3.8,1,25
1372,18752129,3.8,3.8,1,25
1373,34758680,3.8,3.8,1,25
1374,11672279,3.8,3.8,1,25
1375,33135102,3.8,3.8,1,25
1376,33370664,3.8,3.8,1,25
1377,36434348,3.8,3.8,1,25
1378,22452756,3.8,3.8,1,25
1379,32518109,3.8,3.8,1,25
1380,18448085,3.8,3.8,1,25
1381,32069695,3.8,3.8,1,25
1382,67032711,3.8,13.8,1,25
1383,32651555,3.8,3.8,1,25
1384,55746506,3.8,3.8,1,25
1385,18589927,3.8,3.8,1,25
1386,16332293,3.8,3.8,1,25
1387,99680385,3.8,3.8,1,25
1388,14455622,3.8,3.8,1,25
1389,22732234,3.8,3.8,1,25
1390,20279756,3.8,3.8,1,25
1391,42156237,3.8,3.8,1,25
1392,17688766,3.8,3.8,1,25
1393,10839851,3.8,3.8,1,25
1394,92122785,3.8,3.8,1,25
1395,27831220,3.8,3.8,1,25
1396,13411858,3.8,3.8,1,25
1397,21611637,3.8,3.8,1,25
1398,13095891,3.8,3.8,1,25
1399,12717345,3.8,3.8,1,25
1400,32605413,3.8,3.8,1,25
1401,32636041,3.8,3.8,1,25
1402,94047639,3.8,3.8,1,25
1403,21101152,3.8,3.8,1,25
1404,25128608,3.8,3.8,1,25
1405,20237244,3.8,3.8,1,25
1406,15118506,3.8,3.8,1,25
1407,12021752,3.8,3.8,1,25
1408,43375498,3.8,3.8,1,25
1409,23185829,3.8,3.8,1,25
1410,15932017,3.8,3.8,1,25
1411,10568350,3.8,3.8,1,25
1412,20457611,3.8,3.8,1,25
1413,18457785,3.8,3.8,1,25
1414,21856577,3.8,3.8,1,25
1415,11580408,3.8,3.8,1,25
1416,18354623,3.8,3.8,1,25
1417,11797122,3.8,3.8,1,25
1418,24679149,3.8,3.8,1,25
1419,28679359,3.8,3.8,1,25
1420,16536141,3.8,3.8,1,25
1421,27372171,3.8,3.8,1,25
1422,66832845,3.8,3.8,1,25
1423,25207620,3.8,3.8,1,25
1424,15553584,3.8,3.8,1,25
1425,36905896,3.8,3.8,1,25
1426,10909673,3.8,3.8,1,25
1427,98348532,3.8,3.8,1,25
1428,29093426,3.8,3.8,1,25
1429,33286293,3.8,3.8,1,25
1430,69243180,3.8,3.8,1,25
1431,24889109,3.8,3.8,1,25
1432,37231163,3.8,3.8,1,25
1433,48580330,3.8,3.8,1,25
1434,22754014,3.8,3.8,1,25
1435,28975482,3.8,3.8,1,25
1436,70089206,3.8,3.8,1,25
1437,27770859,3.8,3.8,1,25
1438,57002858,3.8,3.8,1,25
1439,37242217,3.8,3.8,1,25
1440,10089434,3.8,3.8,1,25
1441,20817322,3.8,3.8,1,25
1442,29449419,3.8,3.8,1,25
1443,13264154,3.8,3.8,1,25
1444,32563518,3.8,3.8,1,25
1445,64017585,3.8,3.8,1,25
1446,19850482,3.8,3.8,1,25
1447,28897981,3.8,3.8,1,25
1448,20674668,3.8,3.8,1,25
1449,23048999,3.8,3.8,1,25
1450,35422305,3.8,3.8,1,25
1451,11270462,3.8,3.8,1,25
1452,22855060,3.8,3.8,1,25
1453,52684666,3.8,3.8,1,25
1454,20992320,3.8,3.8,1,25
1455,26942552,3.8,3.8,1,25
1456,34511655,3.8,3.8,1,25
1457,37695494,3.8,3.8,1,25
1458,36856210,3.8,3.8,1,25
1459,53265899,3.8,3.8,1,25
1460,29772450,3.8,3.8,1,25
1461,30337969,3.8,3.8,1,25
1462,19268120,3.8,3.8,1,25
1463,17111768,3.8,3.8,1,25
1464,24491862,3.8,3.8,1,25
1465,23631724,3.8,3.8,1,25
1466,70196518,3.8,3.8,1,25
1467,32517106,3.8,3.8,1,25
1468,24574164,3.8,3.8,1,25
1469,27080812,3.8,3.8,1,25
1470,14209965,3.8,3.8,1,25
1471,23602130,3.8,3.8,1,25
1472,23527321,3.8,3.8,1,25
1473,18159866,3.8,3.8,1,25
1474,22776912,3.8,3.8,1,25
1475,23864648,3.8,3.8,1,25
1476,83816738,3.8,3.8,1,25
1477,30826569,3.8,3.8,1,25
1478,30128072,3.8,3.8,1,25
1479,12333703,3.8,3.8,1,25
1480,33750209,3.8,3.8,1,25
1481,16356151,3.8,3.8,1,25
1482,11677012,3.8,3.8,1,25
1483,39252859,3.8,3.8,1,25
1484,37664296,3.8,3.8,1,25
1485,25949631,3.8,3.8,1,25
1486,19437318,3.8,3.8,1,25
1487,14626780,3.8,3.8,1,25
1488,28989677,3.8,3.8,1,25
1489,62555739,3.8,3.8,1,25
1490,12254068,3.8,3.8,1,25
1491,25452321,3.8,3.8,1,25
1492,28230807,3.8,3.8,1,25
1493,22349169,3.8,3.8,1,25
1494,33241454,3.8,3.8,1,25
1495,91635250,3.8,3.8,1,25
1496,15651486,3.8,3.8,1,25
1497,12045067,3.8,3.8,1,25
1498,57088974,3.8,3.8,1,25
1499,80876647,3.8,3.8,1,25
1500,17545780,3.8,3.8,1,25
1501,27917969,3.8,3.8,1,25
1502,46349752,3.8,3.8,1,25
1503,86549455,3.8,3.8,1,25
1504,23955183,3.8,3.8,1,25
1505,70541112,3.8,3.8,1,25
1506,22622351,3.8,3.8,1,25
1507,21549195,3.8,3.8,1,25
1508,51415089,3.8,3.8,1,25
1509,12334140,3.8,3.8,1,25
1510,10641230,3.8,3.8,1,25
1511,37739183,3.8,3.8,1,25
1512,14771530,3.8,3.8,1,25
1513,62700506,3.8,3.8,1,25
1514,21866029,3.8,3.8,1,25
1515,92524964,3.8,3.8,1,25
1516,17775916,3.8,3.8,1,25
1517,14761906,3.8,3.8,1,25
1518,15226699,3.8,3.8,1,25
1519,19444529,3.8,3.8,1,25
1520,33893326,3.8,3.8,1,25
1521,18442517,3.8,3.8,1,25
1522,25838512,3.8,3.8,1,25
1523,28321954,3.8,3.8,1,25
1524,17166018,3.8,3.8,1,25
1525,29573698,3.8,3.8,1,25
1526,89858892,3.8,3.8,1,25
1527,31042953,3.8,3.8,1,25
1528,39142536,3.8,3.8,1,25
1529,59938965,3.8,8.8,1,25
1530,27330027,3.8,3.8,1,25
1531,19090468,3.8,3.8,1,25
1532,17960690,3.8,3.8,1,25
1533,17624934,3.8,3.8,1,25
1534,85973397,3.8,3.8,1,25
1535,25001005,3.8,3.8,1,25
1536,19497420,3.8,3.8,1,25
1537,61319162,3.8,3.8,1,25
1538,65237556,3.8,3.8,1,25
1539,11624880,3.8,3.8,1,25
1540,15680735,3.8,3.8,1,25
1541,13575312,3.8,3.8,1,25
1542,33685988,3.8,3.8,1,25
1543,34250007,3.8,3.8,1,25
1544,11653906,3.8,3.8,1,25
1545,10466208,3.8,3.8,1,25
1546,36625776,3.8,3.8,1,25
1547,34962725,3.8,3.8,1,25
1548,43994605,3.8,3.8,1,25
1549,21756639,3.8,3.8,1,25
1550,31114531,3.8,3.8,1,25
1551,21060367,3.8,3.8,1,25
1552,20149476,3.8,3.8,1,25
1553,57601040,3.8,3.8,1,25
1554,10515955,3.8,3.8,1,25
1555,14945250,3.8,3.8,1,25
1556,28609364,3.8,3.8,1,25
1557,17132168,3.8,3.8,1,25
1558,13328680,3.8,3.8,1,25
1559,21238396,3.8,3.8,1,25
1560,20255404,3.8,3.8,1,25
1561,18640927,3.8,3.8,1,25
1562,12467531,3.8,3.8,1,25
1563,62184086,3.8,3.8,1,25
1564,26330995,3.8,3.8,1,25
1565,37818861,3.8,3.8,1,25
1566,91116867,3.8,3.8,1,25
1567,79570655,3.8,3.8,1,25
1568,11835339,3.8,3.8,1,25
1569,12413512,3.8,3.8,1,25
1570,29148871,3.8,3.8,1,25
1571,28325193,3.8,3.8,1,25
1572,19508520,3.8,3.8,1,25
1573,22800977,3.8,3.8,1,25
1574,36758947,3.8,3.8,1,25
1575,19929506,3.8,3.8,1,25
1576,28973180,3.8,3.8,1,25
1577,86595128,3.8,3.8,1,25
1578,59450123,3.8,3.8,1,25
1579,27004930,3.8,3.8,1,25
1580,59696315,3.8,3.8,1,25
1581,16091352,3.8,3.8,1,25
1582,18365443,3.8,3.8,1,25
1583,26125407,3.8,3.8,1,25
1584,58165257,3.8,3.8,1,25
1585,93653247,3.8,3.8,1,25
1586,24553863,3.8,3.8,1,25
1587,25101183,3.8,3.8,1,25
1588,15811992,3.8,3.8,1,25
1589,14871762,3.8,3.8,1,25
1590,14861855,3.8,3.8,1,25
1591,26480367,3.8,3.8,1,25
1592,81761658,3.8,3.8,1,25
1593,23666211,3.8,3.8,1,25
1594,31292364,3.8,3.8,1,25
1595,11902276,3.8,3.8,1,25
1596,27295996,3.8,3.8,1,25
1597,13313917,3.8,3.8,1,25
1598,16964217,3.8,3.8,1,25
1599,22351830,3.8,8.8,1,25
1600,18227306,3.8,3.8,1,25
1601,31201660,3.8,3.8,1,25
1602,56792999,3.8,3.8,1,25
1603,24767027,3.8,3.8,1,25
1604,70603826,3.8,3.8,1,25
1605,11130200,3.8,3.8,1,25
1606,10969918,3.8,3.8,1,25
1607,39413067,3.8,3.8,1,25
1608,32042584,3.8,3.8,1,25
1609,88038965,3.8,3.8,1,25
1610,14593060,3.8,3.8,1,25
1611,23302948,3.8,3.8,1,25
1612,24828381,3.8,3.8,1,25
1613,38896303,3.8,3.8,1,25
1614,38399177,3.8,3.8,1,25
1615,29647215,3.8,3.8,1,25
1616,48547319,3.8,3.8,1,25
1617,76916835,3.8,3.8,1,25
1618,17730889,3.8,3.8,1,25
1619,67501448,3.8,3.8,1,25
1620,91467795,3.8,3.8,1,25
1621,27694040,3.8,3.8,1,25
1622,29521434,3.8,3.8,1,25
1623,16391949,3.8,3.8,1,25
1624,13418452,3.8,3.8,1,25
1625,12191094,3.8,3.8,1,25
1626,20905088,3.8,3.8,1,25
1627,15154822,3.8,3.8,1,25
1628,91533580,3.8,3.8,1,25
1629,22546476,3.8,3.8,1,25
1630,27187994,3.8,3.8,1,25
1631,11650031,3.8,3.8,1,25
1632,28290448,3.8,3.8,1,25
1633,27099856,3.8,3.8,1,25
1634,14698557,3.8,3.8,1,25
1635,28772892,3.8,3.8,1,25
1636,33704389,3.8,3.8,1,25
1637,90363254,3.8,3.8,1,25
1638,34745915,3.8,3.8,1,25
1639,34689720,3.8,3.8,1,25
1640,38457612,3.8,3.8,1,25
1641,28243590,3.8,3.8,1,25
1642,10235211,3.8,3.8,1,25
1643,47067533,3.8,3.8,1,25
1644,16846478,3.8,3.8,1,25
1645,11232471,3.8,3.8,1,25
1646,91189201,3.8,3.8,1,25
1647,10333051,3.8,3.8,1,25
1648,43622023,3.8,3.8,1,25
1649,18319061,3.8,3.8,1,25
1650,50432401,3.8,3.8,1,25
1651,22848179,3.8,3.8,1,25
1652,37220856,3.8,3.8,1,25
1653,21867728,3.8,3.8,1,25
1654,37472265,3.8,3.8,1,25
1655,19671909,3.8,3.8,1,25
1656,53227466,3.8,3.8,1,25
1657,26079779,3.8,3.8,1,25
1658,34465087,3.8,3.8,1,25
1659,14849103,3.8,3.8,1,25
1660,10100240,3.8,3.8,1,25
1661,22894544,3.8,3.8,1,25
1662,83338413,3.8,3.8,1,25
1663,96761538,3.8,3.8,1,25
1664,14515954,3.8,3.8,1,25
1665,13675377,3.8,3.8,1,25
1666,23004695,3.8,3.8,1,25
1667,21366189,3.8,3.8,1,25
1668,71888547,3.8,3.8,1,25
1669,29770086,3.8,3.8,1,25
1670,20176584,3.8,3.8,1,25
1671,39027764,3.8,3.8,1,25
1672,35571205,3.8,3.8,1,25
1673,27219200,3.8,3.8,1,25
1674,96547039,3.8,3.8,1,25
1675,15281412,3.8,3.8,1,25
1676,31169070,3.8,3.8,1,25
1677,24708621,3.8,3.8,1,25
1678,27903191,3.8,3.8,1,25
1679,24905947,3.8,3.8,1,25
1680,18029935,3.8,3.8,1,25
1681,14150896,3.8,3.8,1,25
1682,27164756,3.8,3.8,1,25
1683,19195747,3.8,3.8,1,25
1684,24655918,3.8,3.8,1,25
1685,62312955,3.8,3.8,1,25
1686,27213082,3.8,3.8,1,25
1687,19402977,3.8,3.8,1,25
1688,33665485,3.8,3.8,1,25
1689,12122372,3.8,3.8,1,25
1690,20981299,3.8,3.8,1,25
1691,36136569,3.8,3.8,1,25
1692,16500168,3.8,3.8,1,25
1693,22852364,3.8,3.8,1,25
1694,24964303,3.8,3.8,1,25
1695,18236085,3.8,3.8,1,25
1696,80275976,3.8,3.8,1,25
1697,23396633,3.8,3.8,1,25
1698,12814706,3.8,3.8,1,25
1699,10149490,3.8,3.8,1,25
1700,22983516,3.8,3.8,1,25
1701,12654876,3.8,3.8,1,25
1702,69764348,3.8,3.8,1,25
1703,35421497,3.8,3.8,1,25
1704,69005326,3.8,3.8,1,25
1705,13296856,3.8,3.8,1,25
1706,30938994,3.8,3.8,1,25
1707,16694152,3.8,3.8,1,25
1708,43311839,3.8,3.8,1,25
1709,93349646,3.8,3.8,1,25
1710,26291616,3.8,3.8,1,25
1711,17658471,3.8,3.8,1,25
1712,13037145,3.8,3.8,1,25
1713,18835363,3.8,3.8,1,25
1714,39608848,3.8,3.8,1,25
1715,39064638,3.8,3.8,1,25
1716,11360471,3.8,3.8,1,25
1717,20698469,3.8,3.8,1,25
1718,27715131,3.8,3.8,1,25
1719,83566455,3.8,3.8,1,25
1720,28005884,3.8,3.8,1,25
1721,82246962,3.8,3.8,1,25
1722,25930778,3.8,3.8,1,25
1723,39855211,3.8,3.8,1,25
1724,12518008,3.8,3.8,1,25
1725,20566550,3.8,3.8,1,25
1726,32265203,3.8,3.8,1,25
1727,27246366,3.8,3.8,1,25
1728,25224998,3.8,3.8,1,25
1729,37402097,3.8,3.8,1,25
1730,36569713,3.8,3.8,1,25
1731,13330982,3.8,3.8,1,25
1732,29639533,3.8,3.8,1,25
1733,16803215,3.8,3.8,1,25
1734,37335325,3.8,3.8,1,25
1735,15423153,3.8,3.8,1,25
1736,24647386,3.8,3.8,1,25
1737,32531824,3.8,3.8,1,25
1738,39674782,3.8,3.8,1,25
1739,23782450,3.8,3.8,1,25
1740,15603319,3.8,3.8,1,25
1741,18242317,3.8,3.8,1,25
1742,11813872,3.8,3.8,1,25
1743,26410763,3.8,3.8,1,25
1744,20932019,3.8,3.8,1,25
1745,26622051,3.8,3.8,1,25
1746,25023614,3.8,3.8,1,25
1747,29193505,3.8,3.8,1,25
1748,26896699,3.8,3.8,1,25
1749,11289482,3.8,3.8,1,25
1750,50328713,3.8,3.8,1,25
1751,21807224,3.8,3.8,1,25
1752,56691064,3.8,3.8,1,25
1753,19612167,3.8,3.8,1,25
1754,26834746,3.8,3.8,1,25
1755,17103000,3.8,3.8,1,25
1756,20553895,3.8,3.8,1,25
1757,40792022,3.8,3.8,1,25
1758,17095812,3.8,3.8,1,25
1759,23234047,3.8,3.8,1,25
1760,38314236,3.8,3.8,1,25
1761,35737840,3.8,3.8,1,25
1762,90280583,3.8,3.8,1,25
1763,16911115,3.8,3.8,1,25
1764,61065616,3.8,3.8,1,25
1765,10281555,3.8,3.8,1,25
1766,48549972,3.8,3.8,1,25
1767,17252448,3.8,3.8,1,25
1768,15721849,3.8,3.8,1,25
1769,56525735,3.8,3.8,1,25
1770,16353584,3.8,3.8,1,25
1771,10176013,3.8,3.8,1,25
1772,14743911,3.8,3.8,1,25
1773,32140087,3.8,3.8,1,25
1774,58428843,3.8,3.8,1,25
1775,23032182,3.8,3.8,1,25
1776,13637605,3.8,3.8,1,25
1777,28139742,3.8,3.8,1,25
1778,34131484,3.8,3.8,1,25
1779,79432080,3.8,3.8,1,25
1780,69458502,3.8,3.8,1,25
1781,19556300,3.8,3.8,1,25
1782,20399718,3.8,3.8,1,25
1783,19302310,3.8,3.8,1,25
1784,51209395,3.8,3.8,1,25
1785,35651876,3.8,3.8,1,25
1786,21287405,3.8,3.8,1,25
1787,10464113,3.8,3.8,1,25
1788,92200491,3.8,3.8,1,25
1789,12820557,3.8,3.8,1,25
1790,13178604,3.8,3.8,1,25
1791,28198029,3.8,3.8,1,25
1792,26790545,3.8,3.8,1,25
1793,70198580,3.8,3.8,1,25
1794,14790629,3.8,3.8,1,25
1795,37521676,3.8,3.8,1,25
1796,28923650,3.8,3.8,1,25
1797,15941675,3.8,3.8,1,25
1798,47919212,3.8,3.8,1,25
1799,10712803,3.8,3.8,1,25
1800,22605864,3.8,3.8,1,25
1801,49127329,3.8,3.8,1,25
1802,11890896,3.8,3.8,1,25
1803,62071407,3.8,3.8,1,25
1804,33685075,3.8,3.8,1,25
1805,34327438,3.8,3.8,1,25
1806,96029688,3.8,3.8,1,25
1807,24763208,3.8,3.8,1,25
1808,65708020,3.8,3.8,1,25
1809,36805025,3.8,3.8,1,25
1810,13080868,3.8,3.8,1,25
1811,38688388,3.8,3.8,1,25
1812,45987048,3.8,3.8,1,25
1813,71576860,3.8,3.8,1,25
1814,25656981,3.8,3.8,1,25
1815,26091595,3.8,3.8,1,25
1816,78114950,3.8,3.8,1,25
1817,22019500,3.8,3.8,1,25
1818,20544228,3.8,3.8,1,25
1819,33236701,3.8,3.8,1,25
1820,16121015,3.8,3.8,1,25
1821,13348915,3.8,3.8,1,25
1822,11197262,3.8,3.8,1,25
1823,69859102,3.8,3.8,1,25
1824,40882926,3.8,3.8,1,25
1825,16653657,3.8,3.8,1,25
1826,27902692,3.8,3.8,1,25
1827,28186635,3.8,3.8,1,25
1828,24103168,3.8,3.8,1,25
1829,20626794,3.8,3.8,1,25
1830,58665241,3.8,3.8,1,25
1831,16820422,3.8,3.8,1,25
1832,25588694,3.8,3.8,1,25
1833,28933005,3.8,3.8,1,25
1834,14014749,3.8,3.8,1,25
1835,22496394,3.8,3.8,1,25
1836,12351749,3.8,3.8,1,25
1837,14589288,3.8,3.8,1,25
1838,29167286,3.8,3.8,1,25
1839,28383893,3.8,3.8,1,25
1840,38047274,3.8,3.8,1,25
1841,16449694,3.8,8.8,1,25
1842,10504237,3.8,3.8,1,25
1843,11759079,3.8,3.8,1,25
1844,24695561,3.8,3.8,1,25
1845,18090899,3.8,3.8,1,25
1846,17911230,3.8,3.8,1,25
1847,12338274,3.8,3.8,1,25
1848,10554236,3.8,3.8,1,25
1849,37333719,3.8,3.8,1,25
1850,28206098,3.8,3.8,1,25
1851,11137306,3.8,3.8,1,25
1852,22990761,3.8,3.8,1,25
1853,20819838,3.8,3.8,1,25
1854,16511249,3.8,3.8,1,25
1855,15273850,3.8,3.8,1,25
1856,69155584,3.8,3.8,1,25
1857,11333001,3.8,3.8,1,25
1858,65219288,3.8,3.8,1,25
1859,27502951,3.8,3.8,1,25
1860,27558837,3.8,3.8,1,25
1861,27182111,3.8,3.8,1,25
1862,11174187,3.8,3.8,1,25
1863,42487883,3.8,3.8,1,25
1864,97405769,3.8,3.8,1,25
1865,41506705,3.8,3.8,1,25
1866,17008356,3.8,3.8,1,25
1867,25625173,3.8,3.8,1,25
1868,17152392,3.8,3.8,1,25
1869,49646155,3.8,3.8,1,25
1870,12904972,3.8,3.8,1,25
1871,16279537,3.8,3.8,1,25
1872,53169257,3.8,3.8,1,25
1873,13593241,3.8,3.8,1,25
1874,14146106,3.8,3.8,1,25
1875,74191424,3.8,3.8,1,25
1876,13967854,3.8,3.8,1,25
1877,49475708,3.8,3.8,1,25
1878,54067174,3.8,3.8,1,25
1879,22042181,3.8,3.8,1,25
1880,72652441,3.8,3.8,1,25
1881,35990852,3.8,3.8,1,25
1882,24727739,3.8,3.8,1,25
1883,15145575,3.8,3.8,1,25
1884,31064969,3.8,3.8,1,25
1885,26671167,3.8,3.8,1,25
1886,23464505,3.8,3.8,1,25
1887,58048626,3.8,3.8,1,25
1888,15684810,3.8,3.8,1,25
1889,22168194,3.8,3.8,1,25
1890,77626587,3.8,3.8,1,25
1891,28733974,3.8,3.8,1,25
1892,11807040,3.8,3.8,1,25
1893,12415691,3.8,3.8,1,25
1894,54232810,3.8,3.8,1,25
1895,10395944,3.8,3.8,1,25
1896,10567764,3.8,3.8,1,25
1897,37058472,3.8,3.8,1,25
1898,68240723,0.0,0.0,0,26
1899,29534737,0.0,0.0,0,26
1900,31605080,0.0,0.0,0,26
1901,18264694,0.0,0.0,0,26
1902,17499196,0.0,0.0,0,26
1903,63158213,0.0,0.0,0,26
1904,11752500,0.0,0.0,0,26
1905,31536294,0.0,0.0,0,26
1906,14874322,0.0,0.0,0,26
1907,12504278,0.0,0.0,0,26
1908,29595906,0.0,0.0,0,26
1909,29184740,0.0,0.0,0,26
1910,20552814,0.0,0.0,0,26
1911,24416961,0.0,0.0,0,26
1912,10751444,0.0,0.0,0,26
1913,85101052,0.0,0.0,0,26
1914,36269672,0.0,0.0,0,26
1915,13774329,0.0,0.0,0,26
1916,11722421,0.0,0.0,0,26
1917,96457008,0.0,0.0,0,26
1918,24668861,0.0,0.0,0,26
1919,12192507,0.0,0.0,0,26
1920,10603337,0.0,0.0,0,26
1921,23296286,0.0,0.0,0,26
1922,30529547,0.0,0.0,0,26
1923,22047665,0.0,0.0,0,26
1924,13812481,0.0,0.0,0,26
1925,30741799,0.0,0.0,0,26
1926,15313140,0.0,0.0,0,26
1927,18365791,0.0,0.0,0,26
1928,44115326,0.0,0.0,0,26
1929,23804341,0.0,0.0,0,26
1930,93512385,0.0,0.0,0,26
1931,79663360,0.0,0.0,0,26
1932,20478831,0.0,0.0,0,26
1933,86322251,0.0,0.0,0,26
1934,21611212,0.0,0.0,0,26
1935,70892619,0.0,0.0,0,26
1936,27126818,0.0,0.0,0,26
1937,32067700,0.0,0.0,0,26
1938,12171093,0.0,0.0,0,26
1939,31040875,0.0,0.0,0,26
1940,19108760,0.0,0.0,0,26
1941,30361788,0.0,0.0,0,26
1942,21629057,0.0,0.0,0,26
1943,35172961,0.0,0.0,0,26
1944,12472574,0.0,0.0,0,26
1945,61579998,0.0,0.0,0,26
1946,10624813,0.0,0.0,0,26
1947,86209934,0.0,0.0,0,26
1948,10030015,0.0,0.0,0,26
1949,53129155,0.0,0.0,0,26
1950,10909720,0.0,0.0,0,26
1951,28642819,0.0,0.0,0,26
1952,20230207,0.0,0.0,0,26
1953,13583538,0.0,0.0,0,26
1954,37660306,0.0,0.0,0,26
1955,21531811,0.0,0.0,0,26
1956,26456474,0.0,0.0,0,26
1957,12839152,0.0,0.0,0,26
1958,25098739,0.0,0.0,0,26
1959,14900898,0.0,0.0,0,26
1960,22965804,0.0,0.0,0,26
1961,29087505,0.0,0.0,0,26
1962,18472240,0.0,0.0,0,26
1963,28871170,0.0,0.0,0,26
1964,75435017,0.0,0.0,0,26
1965,10985403,0.0,0.0,0,26
1966,13264796,0.0,0.0,0,26
1967,28630325,0.0,0.0,0,26
1968,38220146,0.0,0.0,0,26
1969,60004873,0.0,0.0,0,26
1970,11981094,0.0,0.0,0,26
1971,46772262,0.0,0.0,0,26
1972,15958967,0.0,0.0,0,26
1973,12011623,0.0,0.0,0,26
1974,39835894,0.0,0.0,0,26
1975,32985311,0.0,0.0,0,26
1976,24322804,0.0,0.0,0,26
1977,22632070,0.0,0.0,0,26
1978,69532425,0.0,0.0,0,26
1979,58708773,0.0,0.0,0,26
1980,17481570,0.0,0.0,0,26
1981,16378091,0.0,0.0,0,26
1982,28942221,0.0,0.0,0,26
1983,32799518,0.0,0.0,0,26
1984,15564893,0.0,0.0,0,26
1985,29878348,0.0,0.0,0,26
1986,14554542,0.0,0.0,0,26
1987,19397727,0.0,0.0,0,26
1988,10501991,0.0,0.0,0,26
1989,14825300,0.0,0.0,0,26
1990,38946032,0.0,0.0,0,26
1991,94503308,0.0,0.0,0,26
1992,10041713,0.0,0.0,0,26
1993,22056333,0.0,0.0,0,26
1994,15858254,0.0,0.0,0,26
1995,28762662,0.0,0.0,0,26
1996,28078163,0.0,0.0,0,26
1997,64468610,0.0,0.0,0,26
1998,15601399,0.0,0.0,0,26
1999,51588273,0.0,0.0,0,26
2000,28631840,0.0,0.0,0,26
2001,25425322,0.0,0.0,0,26
2002,55953734,0.0,0.0,0,26
2003,61677751,0.0,0.0,0,26
2004,12748557,0.0,0.0,0,26
2005,23568641,0.0,0.0,0,26
2006,19557384,0.0,0.0,0,26
2007,24647794,0.0,0.0,0,26
2008,28505854,0.0,0.0,0,26
2009,47549345,0.0,0.0,0,26
2010,43752620,0.0,0.0,0,26
2011,14049846,0.0,0.0,0,26
2012,74816727,0.0,0.0,0,26
2013,29267293,0.0,0.0,0,26
2014,15899269,0.0,0.0,0,26
2015,21363048,0.0,0.0,0,26
2016,21567392,0.0,0.0,0,26
2017,32025286,0.0,0.0,0,26
2018,64755882,0.0,0.0,0,26
2019,28831378,0.0,0.0,0,26
2020,10704573,0.0,0.0,0,26
2021,22249155,0.0,0.0,0,26
2022,14958913,0.0,0.0,0,26
2023,18001081,0.0,0.0,0,26
2024,29483501,0.0,0.0,0,26
2025,12212468,0.0,0.0,0,26
2026,31552617,0.0,0.0,0,26
2027,28916894,0.0,0.0,0,26
2028,39237915,0.0,0.0,0,26
2029,14990354,0.0,0.0,0,26
2030,24989856,0.0,0.0,0,26
2031,28320387,0.0,0.0,0,26
2032,13149176,0.0,0.0,0,26
2033,19714635,0.0,0.0,0,26
2034,39875803,0.0,0.0,0,26
2035,19738730,0.0,0.0,0,26
2036,22423839,0.0,0.0,0,26
2037,22025574,0.0,0.0,0,26
2038,81310245,0.0,0.0,0,26
2039,26829561,0.0,0.0,0,26
2040,12059610,0.0,0.0,0,26
2041,29061628,0.0,0.0,0,26
2042,24953126,0.0,0.0,0,26
2043,19928941,0.0,0.0,0,26
2044,20565849,0.0,0.0,0,26
2045,24791126,0.0,0.0,0,26
2046,21773106,0.0,0.0,0,26
2047,29486525,0.0,0.0,0,26
2048,14304010,0.0,0.0,0,26
2049,26098594,0.0,0.0,0,26
2050,37750854,0.0,0.0,0,26
2051,15746146,0.0,0.0,0,26
2052,13858219,0.0,0.0,0,26
2053,23673025,0.0,0.0,0,26
2054,98086373,0.0,0.0,0,26
2055,26130673,0.0,0.0,0,26
2056,23143731,0.0,0.0,0,26
2057,78298706,0.0,0.0,0,26
2058,90032884,0.0,0.0,0,26
2059,13807808,0.0,0.0,0,26
2060,29764492,0.0,0.0,0,26
2061,11409460,0.0,0.0,0,26
2062,21007083,0.0,0.0,0,26
2063,26691587,0.0,0.0,0,26
2064,35673335,0.0,0.0,0,26
2065,22765255,0.0,0.0,0,26
2066,10289113,0.0,0.0,0,26
2067,25370801,0.0,0.0,0,26
2068,31638814,0.0,0.0,0,26
2069,27375577,0.0,0.0,0,26
2070,66906212,0.0,0.0,0,26
2071,16210888,0.0,0.0,0,26
2072,15850434,0.0,0.0,0,26
2073,13087952,0.0,0.0,0,26
2074,22408666,0.0,0.0,0,26
2075,29797594,0.0,0.0,0,26
2076,24559558,0.0,0.0,0,26
2077,11551946,0.0,0.0,0,26
2078,38007664,0.0,0.0,0,26
2079,15479281,0.0,0.0,0,26
2080,31225895,0.0,0.0,0,26
2081,12668625,0.0,0.0,0,26
2082,16915389,0.0,0.0,0,26
2083,35121930,0.0,0.0,0,26
2084,26046878,0.0,0.0,0,26
2085,36170003,0.0,0.0,0,26
2086,45900271,0.0,0.0,0,26
2087,49119887,0.0,0.0,0,26
2088,23771896,0.0,0.0,0,26
2089,12545844,0.0,0.0,0,26
2090,14009087,0.0,0.0,0,26
2091,12920612,0.0,0.0,0,26
2092,37087371,0.0,0.0,0,26
2093,28086303,0.0,0.0,0,26
2094,19070271,0.0,0.0,0,26
2095,11677077,0.0,0.0,0,26
2096,15535408,0.0,0.0,0,26
2097,24533931,0.0,0.0,0,26
2098,27139412,0.0,0.0,0,26
2099,13574264,0.0,0.0,0,26
2100,12632728,0.0,0.0,0,26
2101,18024825,0.0,0.0,0,26
2102,98300955,0.0,0.0,0,26
2103,18714571,0.0,0.0,0,26
2104,31220062,0.0,0.0,0,26
2105,29525715,0.0,0.0,0,26
2106,59346975,0.0,0.0,0,26
2107,19918523,0.0,0.0,0,26
2108,15802627,0.0,0.0,0,26
2109,18937778,0.0,0.0,0,26
2110,17597372,0.0,0.0,0,26
2111,95519832,0.0,0.0,0,26
2112,16449850,0.0,0.0,0,26
2113,20633855,0.0,0.0,0,26
2114,98513424,0.0,0.0,0,26
2115,31273310,0.0,0.0,0,26
2116,27937592,0.0,0.0,0,26
2117,12613221,0.0,0.0,0,26
2118,19558834,0.0,0.0,0,26
2119,21669215,0.0,0.0,0,26
2120,75329822,0.0,0.0,0,26
2121,16226743,0.0,0.0,0,26
2122,11160414,0.0,0.0,0,26
2123,37375999,0.0,0.0,0,26
2124,14128006,0.0,0.0,0,26
2125,20835760,0.0,0.0,0,26
2126,16132195,0.0,0.0,0,26
2127,56520872,0.0,0.0,0,26
2128,29648950,0.0,0.0,0,26
2129,96260484,0.0,0.0,0,26
2130,28670024,0.0,0.0,0,26
2131,95382114,0.0,0.0,0,26
2132,10549585,0.0,0.0,0,26
2133,91478356,0.0,0.0,0,26
2134,47996197,0.0,0.0,0,26
2135,15791766,0.0,0.0,0,26
2136,30223363,0.0,0.0,0,26
2137,89413122,0.0,0.0,0,26
2138,29975124,0.0,0.0,0,26
2139,40018190,0.0,0.0,0,26
2140,36671891,0.0,0.0,0,26
2141,11842274,0.0,0.0,0,26
2142,27018361,0.0,0.0,0,26
2143,17963031,0.0,0.0,0,26
2144,11704150,0.0,0.0,0,26
2145,18975686,0.0,0.0,0,26
2146,24411323,0.0,0.0,0,26
2147,26961846,0.0,0.0,0,26
2148,20836112,0.0,0.0,0,26
2149,10889157,0.0,0.0,0,26
2150,28176889,0.0,0.0,0,26
2151,23398733,0.0,0.0,0,26
2152,18036030,0.0,0.0,0,26
2153,26189601,0.0,0.0,0,26
2154,20691949,0.0,0.0,0,26
2155,16533554,0.0,0.0,0,26
2156,33381211,0.0,0.0,0,26
2157,20824105,0.0,0.0,0,26
2158,18187364,0.0,0.0,0,26
2159,23015611,0.0,0.0,0,26
2160,11635137,0.0,0.0,0,26
2161,39718499,0.0,0.0,0,26
2162,68338341,0.0,0.0,0,26
2163,18480859,0.0,0.0,0,26
2164,35579812,0.0,0.0,0,26
2165,61322296,0.0,0.0,0,26
2166,13477922,0.0,0.0,0,26
2167,12237267,0.0,0.0,0,26
2168,14611516,0.0,0.0,0,26
2169,20408458,0.0,0.0,0,26
2170,11584809,0.0,0.0,0,26
2171,28396528,0.0,0.0,0,26
2172,16066857,0.0,0.0,0,26
2173,27662298,0.0,0.0,0,26
2174,15261348,0.0,0.0,0,26
2175,91072502,0.0,0.0,0,26
2176,10276858,0.0,0.0,0,26
2177,38309905,0.0,0.0,0,26
2178,86551046,0.0,0.0,0,26
2179,85421438,0.0,0.0,0,26
2180,18784594,0.0,0.0,0,26
2181,35468363,0.0,0.0,0,26
2182,21511817,0.0,0.0,0,26
2183,91591026,0.0,0.0,0,26
2184,54259150,0.0,0.0,0,26
2185,24083609,0.0,0.0,0,26
2186,29552167,0.0,0.0,0,26
2187,34953092,0.0,0.0,0,26
2188,79041971,0.0,0.0,0,26
2189,10840430,0.0,0.0,0,26
2190,25834360,0.0,0.0,0,26
2191,29992154,0.0,0.0,0,26
2192,10653119,0.0,0.0,0,26
2193,16248476,0.0,0.0,0,26
2194,22561438,0.0,0.0,0,26
2195,47729453,0.0,0.0,0,26
2196,19285236,0.0,0.0,0,26
2197,28424982,0.0,0.0,0,26
2198,25953797,0.0,0.0,0,26
2199,47603843,0.0,0.0,0,26
2200,28419927,0.0,0.0,0,26
2201,17396388,0.0,0.0,0,26
2202,18176523,0.0,0.0,0,26
2203,17987433,0.0,0.0,0,26
2204,21283365,0.0,0.0,0,26
2205,28035460,0.0,0.0,0,26
2206,28697203,0.0,0.0,0,26
2207,92069209,0.0,0.0,0,26
2208,29051656,0.0,0.0,0,26
2209,18825446,0.0,0.0,0,26
2210,21622444,0.0,0.0,0,26
2211,27820360,0.0,0.0,0,26
2212,16855929,0.0,0.0,0,26
2213,16594812,0.0,0.0,0,26
2214,23568731,0.0,0.0,0,26
2215,26718039,0.0,0.0,0,26
2216,12635195,0.0,0.0,0,26
2217,19201175,0.0,0.0,0,26
2218,17681064,0.0,0.0,0,26
2219,13393401,0.0,0.0,0,26
2220,39247950,0.0,0.0,0,26
2221,18805506,0.0,0.0,0,26
2222,18767449,0.0,0.0,0,26
2223,11522068,0.0,0.0,0,26
2224,10816645,0.0,0.0,0,26
2225,17576030,0.0,0.0,0,26
2226,31395710,0.0,0.0,0,26
2227,17539842,0.0,0.0,0,26
2228,29784524,0.0,0.0,0,26
2229,12085736,0.0,0.0,0,26
2230,17823436,0.0,0.0,0,26
2231,90867631,0.0,0.0,0,26
2232,19037403,0.0,0.0,0,26
2233,17571262,0.0,0.0,0,26
2234,15100547,0.0,0.0,0,26
2235,11121498,0.0,0.0,0,26
2236,30311202,0.0,0.0,0,26
2237,19007667,0.0,0.0,0,26
2238,24673903,0.0,0.0,0,26
2239,24221960,0.0,0.0,0,26
2240,15180322,0.0,0.0,0,26
2241,51508889,0.0,0.0,0,26
2242,39805617,0.0,0.0,0,26
2243,38642923,0.0,0.0,0,26
2244,65373280,0.0,0.0,0,26
2245,20490741,0.0,0.0,0,26
2246,60489316,0.0,0.0,0,26
2247,11842348,0.0,0.0,0,26
2248,13385306,0.0,0.0,0,26
2249,25959103,0.0,0.0,0,26
2250,28672970,0.0,0.0,0,26
2251,23810469,0.0,0.0,0,26
2252,17562754,0.0,0.0,0,26
2253,50219114,0.0,0.0,0,26
2254,16276121,0.0,0.0,0,26
2255,30504149,0.0,0.0,0,26
2256,23009962,0.0,0.0,0,26
2257,11257723,0.0,0.0,0,26
2258,15790602,0.0,0.0,0,26
2259,28790806,0.0,0.0,0,26
2260,22706174,0.0,0.0,0,26
2261,31909493,0.0,0.0,0,26
2262,18927233,0.0,0.0,0,26
2263,33542483,0.0,0.0,0,26
2264,25038571,0.0,0.0,0,26
2265,39166680,0.0,0.0,0,26
2266,16899268,0.0,0.0,0,26
2267,21780877,0.0,0.0,0,26
2268,67645662,0.0,0.0,0,26
2269,64589506,0.0,0.0,0,26
2270,12923795,0.0,0.0,0,26
2271,19774173,0.0,0.0,0,26
2272,17286050,0.0,0.0,0,26
2273,17163375,0.0,0.0,0,26
2274,17660419,0.0,0.0,0,26
2275,20628003,0.0,0.0,0,26
2276,90685127,0.0,0.0,0,26
2277,18369400,0.0,0.0,0,26
2278,18278509,0.0,0.0,0,26
2279,24285142,0.0,0.0,0,26
2280,13836471,0.0,0.0,0,26
2281,24658786,0.0,0.0,0,26
2282,91539554,0.0,0.0,0,26
2283,18525641,0.0,0.0,0,26
2284,20330739,0.0,0.0,0,26
2285,23085604,0.0,0.0,0,26
2286,40883703,0.0,0.0,0,26
2287,34583750,0.0,0.0,0,26
2288,26160200,0.0,0.0,0,26
2289,40311088,0.0,0.0,0,26
2290,56952849,0.0,0.0,0,26
2291,94492380,0.0,0.0,0,26
2292,29002596,0.0,0.0,0,26
2293,15353911,0.0,0.0,0,26
2294,11005406,0.0,0.0,0,26
2295,19861776,0.0,0.0,0,26
2296,82929064,0.0,0.0,0,26
2297,29915354,0.0,0.0,0,26
2298,16509761,0.0,0.0,0,26
2299,11187796,0.0,0.0,0,26
2300,54100393,0.0,0.0,0,26
2301,17325147,0.0,0.0,0,26
2302,15306049,0.0,0.0,0,26
2303,93576192,0.0,0.0,0,26
2304,12386670,0.0,0.0,0,26
2305,31273413,0.0,0.0,0,26
2306,95769832,0.0,0.0,0,26
2307,15484097,0.0,0.0,0,26
2308,25525152,0.0,0.0,0,26
2309,20574232,0.0,0.0,0,26
2310,26069113,0.0,0.0,0,26
2311,12777487,0.0,0.0,0,26
2312,24349611,0.0,0.0,0,26
2313,24983760,0.0,0.0,0,26
2314,33344933,0.0,0.0,0,26
2315,14879257,0.0,0.0,0,26
2316,26919036,0.0,0.0,0,26
2317,21156767,0.0,0.0,0,26
2318,10984392,0.0,0.0,0,26
2319,65062795,0.0,0.0,0,26
2320,13569152,0.0,0.0,0,26
2321,63670997,0.0,0.0,0,26
2322,69666645,0.0,0.0,0,26
2323,17584743,0.0,0.0,0,26
2324,18501746,0.0,0.0,0,26
2325,63282405,0.0,0.0,0,26
2326,17033567,0.0,0.0,0,26
2327,78107631,0.0,0.0,0,26
2328,28471099,0.0,0.0,0,26
2329,29425788,0.0,0.0,0,26
2330,12092347,0.0,0.0,0,26
2331,17983957,0.0,0.0,0,26
2332,19161572,0.0,0.0,0,26
2333,95350373,0.0,0.0,0,26
2334,19936735,0.0,0.0,0,26
2335,13454871,0.0,0.0,0,26
2336,92246939,0.0,0.0,0,26
2337,21178545,0.0,0.0,0,26
2338,95085510,0.0,0.0,0,26
2339,25482567,0.0,0.0,0,26
2340,45656814,0.0,0.0,0,26
2341,30965258,0.0,0.0,0,26
2342,13998435,0.0,0.0,0,26
2343,39434376,0.0,0.0,0,26
2344,28663949,0.0,0.0,0,26
2345,30594821,0.0,0.0,0,26
2346,16962067,0.0,0.0,0,26
2347,75156649,0.0,0.0,0,26
2348,51432451,0.0,0.0,0,26
2349,30083884,0.0,0.0,0,26
2350,15433732,0.0,0.0,0,26
2351,24643412,0.0,0.0,0,26
2352,37201447,0.0,0.0,0,26
2353,28165687,0.0,0.0,0,26
2354,32637306,0.0,0.0,0,26
2355,11333660,0.0,0.0,0,26
2356,78016758,0.0,0.0,0,26
2357,23139437,0.0,0.0,0,26
2358,32794700,0.0,0.0,0,26
2359,18885767,0.0,0.0,0,26
2360,10830646,0.0,0.0,0,26
2361,73030450,0.0,0.0,0,26
2362,54180474,0.0,0.0,0,26
2363,34146825,0.0,0.0,0,26
2364,80000092,0.0,0.0,0,26
2365,12791244,0.0,0.0,0,26
2366,31556198,0.0,0.0,0,26
2367,25213006,0.0,0.0,0,26
2368,93459677,0.0,0.0,0,26
2369,31395742,0.0,0.0,0,26
2370,15119529,0.0,0.0,0,26
2371,29815762,0.0,0.0,0,26
2372,16849128,0.0,0.0,0,26
2373,65456466,0.0,0.0,0,26
2374,37735467,0.0,0.0,0,26
2375,22675694,0.0,0.0,0,26
2376,15471999,0.0,0.0,0,26
2377,34657584,0.0,0.0,0,26
2378,17694454,0.0,0.0,0,26
2379,27096796,0.0,0.0,0,26
2380,21809601,0.0,0.0,0,26
2381,20148147,0.0,0.0,0,26
2382,38216888,0.0,0.0,0,26
2383,62994611,0.0,0.0,0,26
2384,14140903,0.0,0.0,0,26
2385,29897742,0.0,0.0,0,26
2386,55104715,0.0,0.0,0,26
2387,37792474,0.0,0.0,0,26
2388,14381464,0.0,0.0,0,26
2389,29805310,0.0,0.0,0,26
2390,10138632,0.0,0.0,0,26
2391,54201930,0.0,0.0,0,26
2392,13518263,0.0,0.0,0,26
2393,37263609,0.0,0.0,0,26
2394,39776400,0.0,0.0,0,26
2395,78149576,0.0,0.0,0,26
2396,28326441,0.0,0.0,0,26
2397,82738323,0.0,0.0,0,26
2398,66226673,0.0,0.0,0,26
2399,14528265,0.0,0.0,0,26
2400,91153752,0.0,0.0,0,26
2401,31199035,0.0,0.0,0,26
2402,16280971,0.0,0.0,0,26
2403,20141807,0.0,0.0,0,26
2404,17410700,0.0,0.0,0,26
2405,17378327,0.0,0.0,0,26
2406,26279402,0.0,0.0,0,26
2407,90318913,0.0,0.0,0,26
2408,18268860,0.0,0.0,0,26
2409,91431878,0.0,0.0,0,26
2410,36727173,0.0,0.0,0,26
2411,17876954,0.0,0.0,0,26
2412,38355831,0.0,0.0,0,26
2413,10466583,0.0,0.0,0,26
2414,14358578,0.0,0.0,0,26
2415,19147494,0.0,0.0,0,26
2416,12082377,0.0,0.0,0,26
2417,28377361,0.0,0.0,0,26
2418,29332616,0.0,0.0,0,26
2419,54101961,0.0,0.0,0,26
2420,26425074,0.0,0.0,0,26
2421,39581020,0.0,0.0,0,26
2422,98108571,0.0,0.0,0,26
2423,90682785,0.0,0.0,0,26
2424,15581242,0.0,0.0,0,26
2425,38744475,0.0,0.0,0,26
2426,16288901,0.0,0.0,0,26
2427,34349255,0.0,0.0,0,26
2428,44185767,0.0,0.0,0,26
2429,32954522,0.0,0.0,0,26
2430,13557622,0.0,0.0,0,26
2431,15936656,0.0,0.0,0,26
2432,34419403,0.0,0.0,0,26
2433,42641525,0.0,0.0,0,26
2434,36102323,0.0,0.0,0,26
2435,10953078,0.0,0.0,0,26
2436,12341902,0.0,0.0,0,26
2437,25810233,0.0,0.0,0,26
2438,20423658,0.0,0.0,0,26
2439,36074301,0.0,0.0,0,26
2440,10945968,0.0,0.0,0,26
2441,38154903,0.0,0.0,0,26
2442,43408471,0.0,0.0,0,26
2443,10748989,0.0,0.0,0,26
2444,14724186,0.0,0.0,0,26
2445,25315791,0.0,0.0,0,26
2446,10898339,0.0,0.0,0,26
2447,12696104,0.0,0.0,0,26
2448,21595057,0.0,0.0,0,26
2449,17509935,0.0,0.0,0,26
2450,18368613,0.0,0.0,0,26
2451,31454430,0.0,0.0,0,26
2452,25839123,0.0,0.0,0,26
2453,11963737,0.0,0.0,0,26
2454,11959428,0.0,0.0,0,26
2455,11614114,0.0,0.0,0,26
2456,92283635,0.0,0.0,0,26
2457,68216398,0.0,0.0,0,26
2458,17686472,0.0,0.0,0,26
2459,21705160,0.0,0.0,0,26
2460,55712978,0.0,0.0,0,26
2461,24068423,0.0,0.0,0,26
2462,15546686,0.0,0.0,0,26
2463,33578873,0.0,0.0,0,26
2464,95625660,0.0,0.0,0,26
2465,15573418,0.0,0.0,0,26
2466,26994282,0.0,0.0,0,26
2467,15918496,0.0,0.0,0,26
2468,30608780,0.0,0.0,0,26
2469,10659182,0.0,0.0,0,26
2470,10818478,0.0,0.0,0,26
2471,25873425,0.0,0.0,0,26
2472,89508407,0.0,0.0,0,26
2473,14445309,0.0,0.0,0,26
2474,27524018,0.0,0.0,0,26
2475,76196367,0.0,0.0,0,26
2476,39674178,0.0,0.0,0,26
2477,20272792,0.0,0.0,0,26
2478,38860712,0.0,0.0,0,26
2479,63137898,0.0,0.0,0,26
2480,24799301,0.0,0.0,0,26
2481,14176254,0.0,0.0,0,26
2482,90468982,0.0,0.0,0,26
2483,25935030,0.0,0.0,0,26
2484,22391901,0.0,0.0,0,26
